step,cfit_pf,cextra_pf,cstray_pf,ccable_pf,rreceiver_ohm,transimpedance_ohm,bandwidth_hz,peaking_db,unity_hz,phase_margin_deg,bandwidth_crossings,unity_crossings,passes
1,0.2,0.0,0.0,0.0,100000.0,99780482.4940571,8063.719008946155,0.0,595313.5489341987,88.87977497931439,1,1,True
2,0.5,0.0,0.0,0.0,100000.0,99780478.3583644,3189.717979668554,0.0,1459199.1264113248,89.00813407747546,1,1,True
3,1.0,0.0,0.0,0.0,100000.0,99780463.58719526,1592.353122328614,0.0,2826491.3989416827,88.28921745827091,1,1,True
4,5.0,0.0,0.0,0.0,100000.0,99779990.89556184,318.3110785407027,0.0,11259099.883481136,83.28593441994752,1,1,False
5,0.2,5.0,0.0,0.0,100000.0,99780482.50097036,8099.839599613633,0.0,447989.49222019897,88.71241444326444,1,1,True
6,0.5,5.0,0.0,0.0,100000.0,99780478.36527172,3191.9606636745407,0.0,1103316.2458550767,89.17758794515578,1,1,True
7,1.0,5.0,0.0,0.0,100000.0,99780463.59409282,1592.631471725365,0.0,2153750.406274025,88.6777859598464,1,1,True
8,5.0,5.0,0.0,0.0,100000.0,99779990.9023815,318.3132795786859,0.0,9015547.99652649,84.62585704187114,1,1,False
9,0.2,15.0,0.0,0.0,100000.0,99780482.51479661,8172.733156769326,0.0,299741.3120325729,88.29250162025909,1,1,True
10,0.5,15.0,0.0,0.0,100000.0,99780478.37908638,3196.4577576146103,0.0,741568.6010194845,89.30886390749163,1,1,True
11,1.0,15.0,0.0,0.0,100000.0,99780463.60788803,1593.1885319050107,0.0,1459115.6787228556,89.06854270281417,1,1,True
12,5.0,15.0,0.0,0.0,100000.0,99779990.91602086,318.3176817669548,0.0,6445902.652827563,86.15921860001168,1,1,False
13,0.2,35.0,0.0,0.0,100000.0,99780482.54244927,8322.395009101336,0.0,180467.0303986143,87.3547831516683,1,1,True
14,0.5,35.0,0.0,0.0,100000.0,99780478.40671562,3205.499032161548,0.0,447924.9251744767,89.31689771391177,1,1,True
15,1.0,35.0,0.0,0.0,100000.0,99780463.63547839,1594.3040992086492,0.0,886957.8702843931,89.3650014170754,1,1,True
16,5.0,35.0,0.0,0.0,100000.0,99779990.94329956,318.32648659272337,0.0,4105901.5038954513,87.55212261592061,1,1,False
17,0.2,85.0,0.0,0.0,100000.0,99780482.6115808,8715.80150773146,1.208418034878849e-10,90698.09478037838,84.92174202544186,1,1,True
18,0.5,85.0,0.0,0.0,100000.0,99780478.4757888,3228.379309352051,0.0,225139.27686711386,89.0385966358524,1,1,True
19,1.0,85.0,0.0,0.0,100000.0,99780463.70445421,1597.1014766015924,0.0,447908.53481097583,89.51844745903992,1,1,True
20,5.0,85.0,0.0,0.0,100000.0,99779991.01149614,318.3485012778755,0.0,2152362.1597877396,88.7096059792367,1,1,False
21,0.2,0.0,0.1,0.0,100000.0,99780481.50941049,5336.257341346979,0.0,887014.1989080898,89.1298789592542,1,1,True
22,0.5,0.0,0.1,0.0,100000.0,99780476.19196515,2656.380388191157,0.0,1739661.6958599535,88.87938373343565,1,1,True
23,1.0,0.0,0.1,0.0,100000.0,99780459.45121013,1447.4814818701964,0.0,3089577.838170094,88.13842960902934,1,1,True
24,5.0,0.0,0.1,0.0,100000.0,99779971.00316891,312.0678393335759,0.0,11425766.404686296,83.18566530703282,1,1,False
25,0.2,5.0,0.1,0.0,100000.0,99780481.51632163,5346.782143463781,0.0,668578.2685904123,89.1452412462474,1,1,True
26,0.5,5.0,0.1,0.0,100000.0,99780476.19887054,2657.6766625905525,0.0,1317454.3906360662,89.10075277961158,1,1,True
27,1.0,5.0,0.1,0.0,100000.0,99780459.45810579,1447.690181010098,0.0,2357781.765427369,88.56387883948037,1,1,True
28,5.0,5.0,0.1,0.0,100000.0,99779971.0099866,312.0699160918314,0.0,9157939.712772116,84.54058164904927,1,1,False
29,0.2,15.0,0.1,0.0,100000.0,99780481.53014408,5367.986023188389,0.0,447948.3363987057,89.04819430464937,1,1,True
30,0.5,15.0,0.1,0.0,100000.0,99780476.2126813,2660.273926562569,0.0,886984.3852828981,89.29782809500733,1,1,True
31,1.0,15.0,0.1,0.0,100000.0,99780459.47189707,1448.107802094499,0.0,1599821.5560842582,88.99588555689752,1,1,True
32,5.0,15.0,0.1,0.0,100000.0,99779971.02362205,312.07406971059993,0.0,6555791.092997358,86.09335277019926,1,1,False
33,0.2,35.0,0.1,0.0,100000.0,99780481.55778895,5410.538534150505,0.0,269902.4158852985,88.7004606942441,1,1,True
34,0.5,35.0,0.1,0.0,100000.0,99780476.24030279,2665.4873669830786,0.0,536415.5607648931,89.3895063375794,1,1,True
35,1.0,35.0,0.1,0.0,100000.0,99780459.49947964,1448.9439361824968,0.0,973716.4849391145,89.33163531938698,1,1,True
36,5.0,35.0,0.1,0.0,100000.0,99779971.05089287,312.0823773571876,0.0,4180039.0907951356,87.5081125489557,1,1,False
37,0.2,85.0,0.1,0.0,100000.0,99780481.626901,5520.103888319773,0.0,135471.33947090522,87.66029158679402,1,1,True
38,0.5,85.0,0.1,0.0,100000.0,99780476.30935645,2678.63197765816,0.0,269861.2780995641,89.26001973168627,1,1,True
39,1.0,85.0,0.1,0.0,100000.0,99780459.56843603,1451.0394835913132,0.0,492209.2793706795,89.5281728093475,1,1,True
40,5.0,85.0,0.1,0.0,100000.0,99779971.11907004,312.10314885997803,0.0,2193184.978521021,88.6857021895201,1,1,False
41,0.2,0.0,0.3,0.0,100000.0,99780478.3583644,3189.717979668554,0.0,1459199.1264113248,89.00813407747546,1,1,True
42,0.5,0.0,0.3,0.0,100000.0,99780470.67741458,1991.0512198175195,0.0,2289984.508087633,88.59032226181517,1,1,True
43,1.0,0.0,0.3,0.0,100000.0,99780449.9974896,1224.6238235094781,0.0,3606266.2147619724,87.83871334462236,1,1,True
44,5.0,0.0,0.3,0.0,100000.0,99779930.03668536,300.29375046662267,0.0,11753277.159438223,82.98893267668262,1,1,False
45,0.2,5.0,0.3,0.0,100000.0,99780478.36527172,3191.9606636745407,0.0,1103316.2458550767,89.17758794515578,1,1,True
46,0.5,5.0,0.3,0.0,100000.0,99780470.68431607,1991.6000371994992,0.0,1739614.7588231268,88.90034451433695,1,1,True
47,1.0,5.0,0.3,0.0,100000.0,99780450.00438139,1224.7512188227433,0.0,2759976.5278205047,88.33486910598134,1,1,True
48,5.0,5.0,0.3,0.0,100000.0,99779930.04349919,300.29560694805525,0.0,9439944.908736544,84.3711395519768,1,1,False
49,0.2,15.0,0.3,0.0,100000.0,99780478.37908638,3196.457757614607,0.0,741568.6010194845,89.30886390749163,1,1,True
50,0.5,15.0,0.3,0.0,100000.0,99780470.69811903,1992.698811988156,0.0,1174857.7541993961,89.20224927270698,1,1,True
51,1.0,15.0,0.3,0.0,100000.0,99780450.01816487,1225.00610909536,0.0,1878498.8699073251,88.8451911971884,1,1,True
52,5.0,15.0,0.3,0.0,100000.0,99779930.05712682,300.29931999639115,0.0,6772810.672176184,85.96368863134472,1,1,False
53,0.2,35.0,0.3,0.0,100000.0,99780478.40671562,3205.499032161548,0.0,447924.92517447576,89.31689771391177,1,1,True
54,0.5,35.0,0.3,0.0,100000.0,99780470.72572497,1994.900929132405,0.0,712394.84089764,89.4102062975918,1,1,True
55,1.0,35.0,0.3,0.0,100000.0,99780450.04573187,1225.5162884688536,0.0,1146203.3524138322,89.25389735383538,1,1,True
56,5.0,35.0,0.3,0.0,100000.0,99779930.08438206,300.3067464349563,0.0,4327880.1658949405,87.42004502819395,1,1,False
57,0.2,85.0,0.3,0.0,100000.0,99780478.4757888,3228.379309352051,0.0,225139.27686711386,89.0385966358524,1,1,True
58,0.5,85.0,0.3,0.0,100000.0,99780470.79473971,2000.3732422832597,0.0,359073.6952152209,89.4552257247392,1,1,True
59,1.0,85.0,0.3,0.0,100000.0,99780450.11464931,1226.79406665042,0.0,580542.0097368861,89.52475766782902,1,1,True
60,5.0,85.0,0.3,0.0,100000.0,99779930.15252022,300.32531452590194,0.0,2274782.292690303,88.6377376163133,1,1,False
61,0.2,0.0,1.0,0.0,100000.0,99780454.92130819,1326.7408194819432,0.0,3349657.8730390887,87.98793900505456,1,1,True
62,0.5,0.0,1.0,0.0,100000.0,99780438.96810336,1061.2470220940575,0.0,4110106.1155177485,87.54386331867926,1,1,True
63,1.0,0.0,1.0,0.0,100000.0,99780404.50111055,795.8721487071621,0.0,5316845.2021834245,86.83218162506029,1,1,False
64,5.0,0.0,1.0,0.0,100000.0,99779774.24624698,265.257672761511,0.0,12850318.850413226,82.32761192715247,1,1,False
65,0.2,5.0,1.0,0.0,100000.0,99780454.92820191,1326.9018816595658,0.0,2559853.036139699,88.44940595340609,1,1,True
66,0.5,5.0,1.0,0.0,100000.0,99780438.97499117,1061.3296752469428,0.0,3154649.935073204,88.10657156839511,1,1,True
67,1.0,5.0,1.0,0.0,100000.0,99780404.50798868,795.9067665069821,0.0,4109504.62320466,87.54702365531642,1,1,False
68,5.0,5.0,1.0,0.0,100000.0,99779774.25304715,265.25894402469424,0.0,10390424.865636168,83.79957582980461,1,1,False
69,0.2,15.0,1.0,0.0,100000.0,99780454.94198926,1327.2241514531345,0.0,1739522.0432961949,88.92129286054137,1,1,True
70,0.5,15.0,1.0,0.0,100000.0,99780438.98876688,1061.4950297221462,0.0,2153576.471684126,88.69114862148024,1,1,True
71,1.0,15.0,1.0,0.0,100000.0,99780404.52174489,795.9760132460389,0.0,2825900.160049134,88.30411459239559,1,1,False
72,5.0,15.0,1.0,0.0,100000.0,99779774.26664746,265.261486595988,0.0,7513742.396532868,85.51948741915572,1,1,False
73,0.2,35.0,1.0,0.0,100000.0,99780454.96956408,1327.8692731877625,0.0,1060172.7944935285,89.29413163060781,1,1,True
74,0.5,35.0,1.0,0.0,100000.0,99780439.0163183,1061.8259314365519,0.0,1317334.7245137203,89.16787323616052,1,1,True
75,1.0,35.0,1.0,0.0,100000.0,99780404.54925738,796.1145512923237,0.0,1739337.6050116597,88.93802187575318,1,1,False
76,5.0,35.0,1.0,0.0,100000.0,99779774.29384811,265.2665719182855,0.0,4836102.976587381,87.11704728865044,1,1,False
77,0.2,85.0,1.0,0.0,100000.0,99780455.03850095,1329.4854786340256,0.0,536397.4859052586,89.52947194934802,1,1,True
78,0.5,85.0,1.0,0.0,100000.0,99780439.08519684,1062.6543113285131,0.0,668516.7176079667,89.50354503888434,1,1,True
79,1.0,85.0,1.0,0.0,100000.0,99780404.61803855,796.4611565291258,0.0,886896.830349323,89.41536245993814,1,1,False
80,5.0,85.0,1.0,0.0,100000.0,99779774.36184971,265.27928627239845,0.0,2557550.951975834,88.47110741172315,1,1,False
81,0.2,0.0,0.0,100.0,100000.0,99780482.49390353,8063.716168511473,0.0,595100.7774316324,88.61564126147107,1,1,True
82,0.5,0.0,0.0,100.0,100000.0,99780478.35821089,3189.7175829684006,0.0,1456032.4765029028,88.38470161768998,1,1,True
83,1.0,0.0,0.0,100.0,100000.0,99780463.58704193,1592.3530749685606,0.0,2806002.6249842104,87.21325116031346,1,1,True
84,5.0,0.0,0.0,100.0,100000.0,99779990.89541015,318.31107876261785,0.0,10847057.062862623,81.9973927294538,1,1,False
85,0.2,5.0,0.0,100.0,100000.0,99780482.5008167,8099.839122860349,0.0,447901.56052243867,88.51314579039536,1,1,True
86,0.5,5.0,0.0,100.0,100000.0,99780478.36511827,3191.9603222156356,0.0,1101925.8838357192,88.69707128468701,1,1,True
87,1.0,5.0,0.0,100.0,100000.0,99780463.59393956,1592.631427853107,0.0,2144010.0777838365,87.80370466166227,1,1,True
88,5.0,5.0,0.0,100.0,100000.0,99779990.90222986,318.3132798070936,0.0,8729822.320301471,83.19008024553818,1,1,False
89,0.2,15.0,0.0,100.0,100000.0,99780482.51464301,8172.737713608678,0.0,299717.98177282186,88.15911363017176,1,1,True
90,0.5,15.0,0.0,100.0,100000.0,99780478.37893291,3196.457527928289,0.0,741150.0757973607,88.98133654077418,1,1,True
91,1.0,15.0,0.0,100.0,100000.0,99780463.6077347,1593.1884950283122,0.0,1455949.7171249215,88.44527444646212,1,1,True
92,5.0,15.0,0.0,100.0,100000.0,99779990.91586919,318.31768200835035,0.0,6295580.698679973,84.6476127687082,1,1,False
93,0.2,35.0,0.0,100.0,100000.0,99780482.54229565,8322.410981507606,0.0,180463.20555557183,87.27472311613076,1,1,True
94,0.5,35.0,0.0,100.0,100000.0,99780478.40656215,3205.499031255133,0.0,447837.00044490595,89.11777550113806,1,1,True
95,1.0,35.0,0.0,100.0,100000.0,99780463.63532509,1594.304076403191,0.0,886243.9964789329,88.97524311976417,1,1,True
96,5.0,35.0,0.0,100.0,100000.0,99779990.94314787,318.32648686009935,0.0,4051941.488864549,86.20967966113517,1,1,False
97,0.2,85.0,0.0,100.0,100000.0,99780482.6114272,8715.855716058539,1.207878011497587e-10,90697.85806630265,84.88177243573938,1,1,True
98,0.5,85.0,0.0,100.0,100000.0,99780478.47563535,3228.3799119458486,0.0,225130.55594686384,88.93859154924547,1,1,True
99,1.0,85.0,0.0,100.0,100000.0,99780463.70430095,1597.101489445436,0.0,447820.61698292743,89.31937178964279,1,1,True
100,5.0,85.0,0.0,100.0,100000.0,99779991.01134454,318.3485016102334,0.0,2142645.733754062,87.83614616854533,1,1,False
101,0.2,0.0,0.1,100.0,100000.0,99780481.50925687,5336.255877126852,0.0,886300.1899490566,88.73990604761963,1,1,True
102,0.5,0.0,0.1,100.0,100000.0,99780476.1918117,2656.3801528936433,0.0,1734414.9256526283,88.14982872332786,1,1,True
103,1.0,0.0,0.1,100.0,100000.0,99780459.45105688,1447.481447618369,0.0,3063708.4376590974,86.99506812985618,1,1,True
104,5.0,0.0,0.1,100.0,100000.0,99779971.00301725,312.0678395565129,0.0,11003747.06873935,81.90978501366965,1,1,False
105,0.2,5.0,0.1,100.0,100000.0,99780481.51616806,5346.781116622406,0.0,668274.2266350711,88.84923473452517,1,1,True
106,0.5,5.0,0.1,100.0,100000.0,99780476.19871704,2657.676453950062,0.0,1315139.502019803,88.53321762435314,1,1,True
107,1.0,5.0,0.1,100.0,100000.0,99780459.45795253,1447.690149145747,0.0,2345204.0275253546,87.62421069231368,1,1,True
108,5.0,5.0,0.1,100.0,100000.0,99779971.00983499,312.0699163207969,0.0,8864773.538689392,83.11240629745186,1,1,False
109,0.2,15.0,0.1,100.0,100000.0,99780481.52999054,5367.9858998717045,0.0,447860.4080332739,88.84900935145612,1,1,True
110,0.5,15.0,0.1,100.0,100000.0,99780476.2125278,2660.2737716660213,0.0,886270.4340926203,88.90800405613254,1,1,True
111,1.0,15.0,0.1,100.0,100000.0,99780459.47174376,1448.1077750163702,0.0,1595679.4631108749,88.3186246334028,1,1,True
112,5.0,15.0,0.1,100.0,100000.0,99779971.0234704,312.07406995162484,0.0,6400149.515066035,84.58108695040079,1,1,False
113,0.2,35.0,0.1,100.0,100000.0,99780481.55763538,5410.540318572747,0.0,269885.88423778967,88.58043271582892,1,1,True
114,0.5,35.0,0.1,100.0,100000.0,99780476.24014935,2665.4873213111946,0.0,536263.327125736,89.15138628966542,1,1,True
115,1.0,35.0,0.1,100.0,100000.0,99780459.49932638,1448.9439187219964,0.0,972772.3239628577,88.9052146411936,1,1,True
116,5.0,35.0,0.1,100.0,100000.0,99779971.05074131,312.08237762233523,0.0,4123862.1693748273,86.15435604773319,1,1,False
117,0.2,85.0,0.1,100.0,100000.0,99780481.62674744,5520.111115812834,0.0,135470.07711766096,87.60037133178565,1,1,True
118,0.5,85.0,0.1,100.0,100000.0,99780476.30920307,2678.632215411835,0.0,269844.7482202053,89.14004424274356,1,1,True
119,1.0,85.0,0.1,100.0,100000.0,99780459.5682828,1451.039490440266,0.0,492091.0465260123,89.30954129505602,1,1,True
120,5.0,85.0,0.1,100.0,100000.0,99779971.11891845,312.1031491854624,0.0,2183007.08788667,87.79869764936313,1,1,False
121,0.2,0.0,0.3,100.0,100000.0,99780478.35821089,3189.7175829684006,0.0,1456032.4765029028,88.38470161768998,1,1,True
122,0.5,0.0,0.3,100.0,100000.0,99780470.6772612,1991.0511213086543,0.0,2278583.472373785,87.67166365893866,1,1,True
123,1.0,0.0,0.3,100.0,100000.0,99780449.99733643,1224.6238042957966,0.0,3567247.923825031,86.58262018252213,1,1,True
124,5.0,0.0,0.3,100.0,100000.0,99779930.03653379,300.293750690174,0.0,11313314.836100126,81.73625377810345,1,1,False
125,0.2,5.0,0.3,100.0,100000.0,99780478.36511827,3191.9603222156356,0.0,1101925.8838357192,88.69707128468701,1,1,True
126,0.5,5.0,0.3,100.0,100000.0,99780470.68416268,1991.5999472128215,0.0,1734369.581035974,88.17086908999528,1,1,True
127,1.0,5.0,0.3,100.0,100000.0,99780450.00422822,1224.75120085338,0.0,2740799.9137395876,87.27694834640357,1,1,True
128,5.0,5.0,0.3,100.0,100000.0,99779930.04334758,300.29560717683125,0.0,9130515.225676358,82.96036868883641,1,1,False
129,0.2,15.0,0.3,100.0,100000.0,99780478.37893291,3196.457527928289,0.0,741150.0757973607,88.98133654077418,1,1,True
130,0.5,15.0,0.3,100.0,100000.0,99780470.69796562,1992.698739122301,0.0,1173209.5512034353,88.692386615727,1,1,True
131,1.0,15.0,0.3,100.0,100000.0,99780450.01801172,1225.0060936188013,0.0,1871908.5696744532,88.06565134903343,1,1,True
132,5.0,15.0,0.3,100.0,100000.0,99779930.05697525,300.29932023561685,0.0,6606364.802054599,84.45144643784255,1,1,False
133,0.2,35.0,0.3,100.0,100000.0,99780478.40656215,3205.499031255133,0.0,447837.000444905,89.11777550113806,1,1,True
134,0.5,35.0,0.3,100.0,100000.0,99780470.72557157,1994.900890815674,0.0,712023.4740223567,89.09532843700879,1,1,True
135,1.0,35.0,0.3,100.0,100000.0,99780450.0455787,1225.5162779945733,0.0,1144669.338483965,88.75581975238987,1,1,True
136,5.0,35.0,0.3,100.0,100000.0,99779930.08423053,300.306746695085,0.0,4266316.572268088,86.04611603787714,1,1,False
137,0.2,85.0,0.3,100.0,100000.0,99780478.47563535,3228.3799119458486,0.0,225130.55594686384,88.93859154924547,1,1,True
138,0.5,85.0,0.3,100.0,100000.0,99780470.79458639,2000.3732916030783,0.0,359030.9938511441,89.29551425496919,1,1,True
139,1.0,85.0,0.3,100.0,100000.0,99780450.11449622,1226.7940687795788,0.0,580344.750164542,89.26731840966187,1,1,True
140,5.0,85.0,0.3,100.0,100000.0,99779930.15236871,300.3253148383115,0.0,2263534.655438043,87.72425254781047,1,1,False
141,0.2,0.0,1.0,100.0,100000.0,99780454.92115495,1326.740794092047,0.0,3317280.1131359246,86.78507398346056,1,1,True
142,0.5,0.0,1.0,100.0,100000.0,99780438.96795021,1061.247010794316,0.0,4055864.9089293582,86.2006495462062,1,1,True
143,1.0,0.0,1.0,100.0,100000.0,99780404.50095761,795.8721452159707,0.0,5217365.876536565,85.36055272852786,1,1,False
144,5.0,0.0,1.0,100.0,100000.0,99779774.24609563,265.25767297259523,0.0,12347236.825505989,81.15726912310703,1,1,False
145,0.2,5.0,1.0,100.0,100000.0,99780454.92804869,1326.9018579664566,0.0,2544258.3648858406,87.44826375558398,1,1,True
146,0.5,5.0,1.0,100.0,100000.0,99780438.97483812,1061.3296646531683,0.0,3127253.5256011877,86.94773970922074,1,1,True
147,1.0,5.0,1.0,100.0,100000.0,99780404.50783575,795.9067632423803,0.0,4055303.694255427,86.20394758940353,1,1,False
148,5.0,5.0,1.0,100.0,100000.0,99779774.25289579,265.25894423902076,0.0,10027756.905492736,82.45070151067324,1,1,False
149,0.2,15.0,1.0,100.0,100000.0,99780454.94183603,1327.2241311602943,0.0,1734280.0238170393,88.19191240230447,1,1,True
150,0.5,15.0,1.0,100.0,100000.0,99780438.98861378,1061.4950205420753,0.0,2143839.1356338784,87.81718772315509,1,1,True
151,1.0,15.0,1.0,100.0,100000.0,99780404.52159199,795.9760104349308,0.0,2805440.2281199046,87.22840769217265,1,1,False
152,5.0,15.0,1.0,100.0,100000.0,99779774.26649614,265.2614868167985,0.0,7309760.511305722,84.01897472868319,1,1,False
153,0.2,35.0,1.0,100.0,100000.0,99780454.96941085,1327.8692597223132,0.0,1058946.1363465309,88.83158353709075,1,1,True
154,0.5,35.0,1.0,100.0,100000.0,99780439.01616523,1061.8259250909582,0.0,1315020.6478135528,88.60050551851657,1,1,True
155,1.0,35.0,1.0,100.0,100000.0,99780404.54910444,796.1145493894664,0.0,1734101.8774090202,88.20875443905129,1,1,False
156,5.0,35.0,1.0,100.0,100000.0,99779774.2936968,265.2665721520659,0.0,4756250.938907877,85.68446991978692,1,1,False
157,0.2,85.0,1.0,100.0,100000.0,99780455.03834778,1329.485482394585,0.0,536245.2677457589,89.29139992951315,1,1,True
158,0.5,85.0,1.0,100.0,100000.0,99780439.08504383,1062.6543121104985,0.0,668212.7528728442,89.20772841428118,1,1,True
159,1.0,85.0,1.0,100.0,100000.0,99780404.61788572,796.4611569042689,0.0,886183.150090184,89.025670932607,1,1,False
160,5.0,85.0,1.0,100.0,100000.0,99779774.36169848,265.2792865386146,0.0,2542008.6109733386,87.47080977355262,1,1,False
161,0.2,0.0,0.0,500.00000000000006,100000.0,99780482.49327002,8063.50512081375,0.0,590511.7501480447,87.7516473010773,1,1,True
162,0.5,0.0,0.0,500.00000000000006,100000.0,99780478.35757789,3189.7036656583846,0.0,1419638.4565344441,87.44076065876959,1,1,True
163,1.0,0.0,0.0,500.00000000000006,100000.0,99780463.58640972,1592.351354372786,0.0,2707631.1528633717,87.03821863369706,1,1,True
164,5.0,0.0,0.0,500.00000000000006,100000.0,99779990.89478435,318.3110674082151,0.0,10674072.171044217,83.09923202963944,1,1,False
165,0.2,5.0,0.0,500.00000000000006,100000.0,99780482.50018321,8099.6344634563575,0.0,445810.2412694028,87.80246880637094,1,1,True
166,0.5,5.0,0.0,500.00000000000006,100000.0,99780478.36448517,3191.9465959949807,0.0,1081294.40381011,87.65810278715009,1,1,True
167,1.0,5.0,0.0,500.00000000000006,100000.0,99780463.59330733,1592.6297202847422,0.0,2074764.2149846647,87.23742147148118,1,1,True
168,5.0,5.0,0.0,500.00000000000006,100000.0,99779990.90160407,318.3132684783698,0.0,8550561.19564215,84.29602223349451,1,1,False
169,0.2,15.0,0.0,500.00000000000006,100000.0,99780482.51400954,8172.5493187613265,0.0,299067.3081623001,87.65100082709864,1,1,True
170,0.5,15.0,0.0,500.00000000000006,100000.0,99780478.37829988,3196.444188787934,0.0,733103.1084926098,88.01772020107336,1,1,True
171,1.0,15.0,0.0,500.00000000000006,100000.0,99780463.60710253,1593.1868135926147,0.0,1419563.0438683596,87.50285556274338,1,1,True
172,5.0,15.0,0.0,500.00000000000006,100000.0,99779990.91524342,318.3176707309905,0.0,6121283.22636718,85.59104439637451,1,1,False
173,0.2,35.0,0.0,500.00000000000006,100000.0,99780482.54166222,8322.25778909502,0.0,180322.19711515587,86.95886219437165,1,1,True
174,0.5,35.0,0.0,500.00000000000006,100000.0,99780478.40592924,3205.4864861735655,0.0,445747.1865684473,88.41000446380633,1,1,True
175,1.0,35.0,0.0,500.00000000000006,100000.0,99780463.63469297,1594.30244754536,0.0,873668.2403171277,87.95533023766262,1,1,True
176,5.0,35.0,0.0,500.00000000000006,100000.0,99779990.94252218,318.3264756854892,0.0,3912410.5572497393,86.61729665171265,1,1,False
177,0.2,85.0,0.0,500.00000000000006,100000.0,99780482.61079389,8715.826067138993,1.2048693098019823e-10,90680.94929955284,84.72175592159613,1,1,True
178,0.5,85.0,0.0,500.00000000000006,100000.0,99780478.47500254,3228.3694720597055,0.0,224851.35876689816,88.54972484345609,1,1,True
179,1.0,85.0,0.0,500.00000000000006,100000.0,99780463.70366894,1597.0999938704965,0.0,445731.3050269707,88.61256389878406,1,1,True
180,5.0,85.0,0.0,500.00000000000006,100000.0,99779991.01071896,318.34849069262356,0.0,2073562.3517042142,87.27018395882419,1,1,False
181,0.2,0.0,0.1,500.00000000000006,100000.0,99780481.50862357,5336.192069336189,0.0,873722.5646936983,87.71659229024095,1,1,True
182,0.5,0.0,0.1,500.00000000000006,100000.0,99780476.19117884,2656.3720850997365,0.0,1684776.82409593,87.34274711751391,1,1,True
183,1.0,0.0,0.1,500.00000000000006,100000.0,99780459.45042484,1447.4801624061254,0.0,2955106.748570051,86.95981016335327,1,1,True
184,5.0,0.0,0.1,500.00000000000006,100000.0,99779971.00239159,312.06782889384283,0.0,10832119.449545354,83.00796705404395,1,1,False
185,0.2,5.0,0.1,500.00000000000006,100000.0,99780481.51553479,5346.718665613087,0.0,662040.140059369,87.92957995533709,1,1,True
186,0.5,5.0,0.1,500.00000000000006,100000.0,99780476.19808422,2657.6684808000928,0.0,1285270.1177516396,87.53795796342001,1,1,True
187,1.0,5.0,0.1,500.00000000000006,100000.0,99780459.45732047,1447.6888729115997,0.0,2266762.691517317,87.17988877058201,1,1,True
188,5.0,5.0,0.1,500.00000000000006,100000.0,99779971.00920933,312.0699056819765,0.0,8685439.240981346,84.22107722476358,1,1,False
189,0.2,15.0,0.1,500.00000000000006,100000.0,99780481.52935717,5367.926267970568,0.0,445770.02273117116,88.13995249993218,1,1,True
190,0.5,15.0,0.1,500.00000000000006,100000.0,99780476.211895,2660.2659894513645,0.0,873693.5624168839,87.88711657407413,1,1,True
191,1.0,15.0,0.1,500.00000000000006,100000.0,99780459.47111176,1448.1065167824518,0.0,1552620.7679490277,87.44037349736311,1,1,True
192,5.0,15.0,0.1,500.00000000000006,100000.0,99779971.02284476,312.0740593605099,0.0,6224933.928959374,85.53816234617534,1,1,False
193,0.2,35.0,0.1,500.00000000000006,100000.0,99780481.5570021,5410.487396610827,0.0,269403.2008479721,88.11933089154417,1,1,True
194,0.5,35.0,0.1,500.00000000000006,100000.0,99780476.23951654,2665.479927624451,0.0,532840.7019548616,88.3462179643675,1,1,True
195,1.0,35.0,0.1,500.00000000000006,100000.0,99780459.49869438,1448.9426966652527,0.0,957132.6437429052,87.8695735886867,1,1,True
196,5.0,35.0,0.1,500.00000000000006,100000.0,99779971.05011572,312.08236712664973,0.0,3982240.6288364767,86.58869893800755,1,1,False
197,0.2,85.0,0.1,500.00000000000006,100000.0,99780481.62611438,5520.0764985535,0.0,135410.9300704786,87.36235493291474,1,1,True
198,0.5,85.0,0.1,500.00000000000006,100000.0,99780476.30857046,2678.625832793667,0.0,269362.0823709819,88.68000004726866,1,1,True
199,1.0,85.0,0.1,500.00000000000006,100000.0,99780459.56765094,1451.038359864251,0.0,489356.27784839366,88.55181968957334,1,1,True
200,5.0,85.0,0.1,500.00000000000006,100000.0,99779971.11829303,312.1031389284611,0.0,2112059.8559617833,87.25720217004846,1,1,False
201,0.2,0.0,0.3,500.00000000000006,100000.0,99780478.35757789,3189.7036656583846,0.0,1419638.4565344441,87.44076065876959,1,1,True
202,0.5,0.0,0.3,500.00000000000006,100000.0,99780470.67662862,1991.0477097039472,0.0,2203051.2186195203,87.18671771017813,1,1,True
203,1.0,0.0,0.3,500.00000000000006,100000.0,99780449.99670476,1224.623026158295,0.0,3441437.3816840965,86.7913312661808,1,1,True
204,5.0,0.0,0.3,500.00000000000006,100000.0,99779930.03590846,300.29374125004523,0.0,11142669.802316563,82.82856456377897,1,1,False
205,0.2,5.0,0.3,500.00000000000006,100000.0,99780478.36448517,3191.9465959949807,0.0,1081294.40381011,87.65810278715009,1,1,True
206,0.5,5.0,0.3,500.00000000000006,100000.0,99780470.68353014,1991.5965668363885,0.0,1684735.7666407702,87.36438764289704,1,1,True
207,1.0,5.0,0.3,500.00000000000006,100000.0,99780450.0035965,1224.750427442033,0.0,2645091.131959585,87.06547243456214,1,1,True
208,5.0,5.0,0.3,500.00000000000006,100000.0,99779930.04272228,300.2955977573795,0.0,8952237.969194865,84.07188668943019,1,1,False
209,0.2,15.0,0.3,500.00000000000006,100000.0,99780478.37829988,3196.44418878793,0.0,733103.1084926098,88.01772020107336,1,1,True
210,0.5,15.0,0.3,500.00000000000006,100000.0,99780470.69733311,1992.6954214983643,0.0,1149581.8812022307,87.66335416913637,1,1,True
211,1.0,15.0,0.3,500.00000000000006,100000.0,99780450.01738001,1225.0053296760732,0.0,1815529.792031043,87.33752838002482,1,1,True
212,5.0,15.0,0.3,500.00000000000006,100000.0,99779930.05634993,300.299310857523,0.0,6430174.75095784,85.43272071892653,1,1,False
213,0.2,35.0,0.3,500.00000000000006,100000.0,99780478.40592924,3205.4864861735655,0.0,445747.1865684473,88.41000446380633,1,1,True
214,0.5,35.0,0.3,500.00000000000006,100000.0,99780470.72493912,1994.8976998873402,0.0,704710.5007572366,88.14960059075798,1,1,True
215,1.0,35.0,0.3,500.00000000000006,100000.0,99780450.04494707,1225.5155330544846,0.0,1122219.3904377723,87.7232857112864,1,1,True
216,5.0,35.0,0.3,500.00000000000006,100000.0,99779930.08360524,300.30673739972264,0.0,4121758.9516386064,86.53020452541716,1,1,False
217,0.2,85.0,0.3,500.00000000000006,100000.0,99780478.47500254,3228.3694720597055,0.0,224851.35876689816,88.54972484345609,1,1,True
218,0.5,85.0,0.3,500.00000000000006,100000.0,99780470.79395404,2000.3704575259158,0.0,357921.02934553986,88.70383432486943,1,1,True
219,1.0,85.0,0.3,500.00000000000006,100000.0,99780450.11386472,1226.7933717294397,0.0,576046.3677881358,88.42133545234338,1,1,True
220,5.0,85.0,0.3,500.00000000000006,100000.0,99779930.1517436,300.3253057498652,0.0,2188641.8650019974,87.23178390747739,1,1,False
221,0.2,0.0,1.0,500.00000000000006,100000.0,99780454.92052309,1326.7398061152333,0.0,3199841.321578584,86.87737378217122,1,1,True
222,0.5,0.0,1.0,500.00000000000006,100000.0,99780438.96731885,1061.2465103467196,0.0,3916017.213669906,86.60911268005788,1,1,True
223,1.0,0.0,1.0,500.00000000000006,100000.0,99780404.50032699,795.8719403420951,0.0,5054165.283009908,86.11296667253924,1,1,False
224,5.0,0.0,1.0,500.00000000000006,100000.0,99779774.24547142,265.2576667259034,0.0,12181926.324633127,82.22296453155639,1,1,False
225,0.2,5.0,1.0,500.00000000000006,100000.0,99780454.92741674,1326.9008764054518,0.0,2456711.700082768,87.1231038462762,1,1,True
226,0.5,5.0,1.0,500.00000000000006,100000.0,99780438.9742067,1061.3291669072487,0.0,3016290.772943774,86.94569049840538,1,1,True
227,1.0,5.0,1.0,500.00000000000006,100000.0,99780404.50720519,795.9065592461649,0.0,3915501.3257925427,86.61236394893842,1,1,False
228,5.0,5.0,1.0,500.00000000000006,100000.0,99779774.2522716,265.25893800517866,0.0,9852401.889534604,83.56251760623286,1,1,False
229,0.2,15.0,1.0,500.00000000000006,100000.0,99780454.94120418,1327.2231624571348,0.0,1684654.7987348961,87.3860095648177,1,1,True
230,0.5,15.0,1.0,500.00000000000006,100000.0,99780438.98798248,1061.4945282064466,0.0,2074613.6121374173,87.25126098835432,1,1,True
231,1.0,15.0,1.0,500.00000000000006,100000.0,99780404.52096145,795.9758081952804,0.0,2707122.1467823256,87.05365928268486,1,1,False
232,5.0,15.0,1.0,500.00000000000006,100000.0,99779774.26587199,265.26148060865773,0.0,7130645.857931982,85.06430920172875,1,1,False
233,0.2,35.0,1.0,500.00000000000006,100000.0,99780454.96877903,1327.8683168400391,0.0,1040014.3605070905,87.79232115566708,1,1,True
234,0.5,35.0,1.0,500.00000000000006,100000.0,99780439.0155339,1061.8254436037212,0.0,1285161.5734883947,87.60677906356364,1,1,True
235,1.0,35.0,1.0,500.00000000000006,100000.0,99780404.54847398,796.1143506679325,0.0,1684493.8379142156,87.40326256287881,1,1,False
236,5.0,35.0,1.0,500.00000000000006,100000.0,99779774.29307273,265.2665659953351,0.0,4601124.572427568,86.3209280590612,1,1,False
237,0.2,85.0,1.0,500.00000000000006,100000.0,99780455.03771609,1329.4846046816292,0.0,532822.9467445695,88.48715577732469,1,1,True
238,0.5,85.0,1.0,500.00000000000006,100000.0,99780439.08441262,1062.6538579070334,0.0,661979.9814572316,88.29147808767067,1,1,True
239,1.0,85.0,1.0,500.00000000000006,100000.0,99780404.61725532,796.4609670071801,0.0,873610.2258665265,88.00650051159886,1,1,False
240,5.0,85.0,1.0,500.00000000000006,100000.0,99779774.36107452,265.279280510451,0.0,2454680.645200391,87.14528914565602,1,1,False
241,0.2,0.0,0.0,1000.0000000000001,100000.0,99780482.49243541,8062.792236375582,0.0,582310.4722609081,87.31603079193462,1,1,True
242,0.5,0.0,0.0,1000.0000000000001,100000.0,99780478.3567439,3189.658527629286,0.0,1396870.1184079568,87.75310985921834,1,1,True
243,1.0,0.0,0.0,1000.0000000000001,100000.0,99780463.58557677,1592.3457585984002,0.0,2685189.404723309,87.5633199850738,1,1,True
244,5.0,0.0,0.0,1000.0000000000001,100000.0,99779990.89395946,318.31102567058775,0.0,10665158.941272842,83.30507543595508,1,1,False
245,0.2,5.0,0.0,1000.0000000000001,100000.0,99780482.49934861,8098.922661197016,0.0,441223.88264257216,87.27957918367986,1,1,True
246,0.5,5.0,0.0,1000.0000000000001,100000.0,99780478.36365122,3191.901629583628,0.0,1062199.3660415115,87.72896087090959,1,1,True
247,1.0,5.0,0.0,1000.0000000000001,100000.0,99780463.59247437,1592.6241387156635,0.0,2050697.6428304848,87.7413348339577,1,1,True
248,5.0,5.0,0.0,1000.0000000000001,100000.0,99779990.9007791,318.31322677218384,0.0,8540065.649376083,84.54832136485163,1,1,False
249,0.2,15.0,0.0,1000.0000000000001,100000.0,99780482.51317497,8171.849129897135,0.0,297326.0501456268,87.15321745114119,1,1,True
250,0.5,15.0,0.0,1000.0000000000001,100000.0,99780478.37746593,3196.3995711562907,0.0,721181.3909152678,87.72900284666412,1,1,True
251,1.0,15.0,0.0,1000.0000000000001,100000.0,99780463.60626957,1593.1812605269904,0.0,1396797.9415814125,87.81618287637491,1,1,True
252,5.0,15.0,0.0,1000.0000000000001,100000.0,99779990.91441849,318.3176290876921,0.0,6108004.2203817535,85.92706796046213,1,1,False
253,0.2,35.0,0.0,1000.0000000000001,100000.0,99780482.54082772,8321.578043433494,0.0,179892.7345329195,86.59598709244318,1,1,True
254,0.5,35.0,0.0,1000.0000000000001,100000.0,99780478.40509538,3205.4425886289728,0.0,441160.5053695832,87.89344011204696,1,1,True
255,1.0,35.0,0.0,1000.0000000000001,100000.0,99780463.63386008,1594.2969518593827,0.0,858486.8693476396,87.82099960254806,1,1,True
256,5.0,35.0,0.0,1000.0000000000001,100000.0,99779990.9416973,318.326434167992,0.0,3893935.275384905,87.07758235607952,1,1,False
257,0.2,85.0,0.0,1000.0000000000001,100000.0,99780482.60995963,8715.234491546313,1.199237637397389e-10,90624.88022143437,84.52450676276044,1,1,True
258,0.5,85.0,0.0,1000.0000000000001,100000.0,99780478.47416882,3228.327510927828,0.0,224039.4868940825,88.12812945186863,1,1,True
259,1.0,85.0,0.0,1000.0000000000001,100000.0,99780463.70283625,1597.0946438264807,0.0,441144.80567160563,88.09811044871401,1,1,True
260,5.0,85.0,0.0,1000.0000000000001,100000.0,99779991.00989427,318.3484494897844,0.0,2049507.629590844,87.77439257165287,1,1,False
261,0.2,0.0,0.1,1000.0000000000001,100000.0,99780481.50778909,5335.981948892328,0.0,858538.8966745981,87.57808782592917,1,1,True
262,0.5,0.0,0.1,1000.0000000000001,100000.0,99780476.19034503,2656.345966406474,0.0,1660726.456764659,87.76655118911304,1,1,True
263,1.0,0.0,0.1,1000.0000000000001,100000.0,99780459.44959204,1447.4759724732849,0.0,2933693.255626842,87.47651029617992,1,1,True
264,5.0,0.0,0.1,1000.0000000000001,100000.0,99779971.00156687,312.0677895680816,0.0,10823213.329362756,83.21111679575961,1,1,False
265,0.2,5.0,0.1,1000.0000000000001,100000.0,99780481.51470035,5346.509357078935,0.0,651979.0168896698,87.56422737561888,1,1,True
266,0.5,5.0,0.1,1000.0000000000001,100000.0,99780476.19725041,2657.6424534391012,0.0,1263604.6639839888,87.76967350632128,1,1,True
267,1.0,5.0,0.1,1000.0000000000001,100000.0,99780459.4564877,1447.6846929145406,0.0,2242990.5145522947,87.69992748113202,1,1,True
268,5.0,5.0,0.1,1000.0000000000001,100000.0,99779971.00838459,312.0698663854302,0.0,8675221.508202188,84.46965231843387,1,1,False
269,0.2,15.0,0.1,1000.0000000000001,100000.0,99780481.52852288,5367.718693712396,0.0,441183.40168237896,87.62057464907843,1,1,True
270,0.5,15.0,0.1,1000.0000000000001,100000.0,99780476.21106125,2660.240146651656,0.0,858510.8331936441,87.75160341319014,1,1,True
271,1.0,15.0,0.1,1000.0000000000001,100000.0,99780459.47027902,1448.1023567097327,0.0,1529156.0819219775,87.81671091641948,1,1,True
272,5.0,15.0,0.1,1000.0000000000001,100000.0,99779971.02202009,312.0740201223979,0.0,6211739.501407865,85.8697275163492,1,1,False
273,0.2,35.0,0.1,1000.0000000000001,100000.0,99780481.55616784,5410.286135332439,0.0,268091.24573018384,87.64786426822184,1,1,True
274,0.5,35.0,0.1,1000.0000000000001,100000.0,99780476.23868288,2665.45446161601,0.0,526087.6434160137,87.87346236012718,1,1,True
275,1.0,35.0,0.1,1000.0000000000001,100000.0,99780459.4978617,1448.9385766529656,0.0,940241.1166876232,87.8228457709327,1,1,True
276,5.0,35.0,0.1,1000.0000000000001,100000.0,99779971.04929107,312.0823280054315,0.0,3964279.101325979,87.04406621196114,1,1,False
277,0.2,85.0,0.1,1000.0000000000001,100000.0,99780481.62528022,5519.890309565999,0.0,135222.63352501387,87.07842139624591,1,1,True
278,0.5,85.0,0.1,1000.0000000000001,100000.0,99780476.3077369,2678.6013546044214,0.0,268051.0250779419,88.21132502804488,1,1,True
279,1.0,85.0,0.1,1000.0000000000001,100000.0,99780459.56681846,1451.0343412468937,0.0,483736.96728174854,88.05493568313449,1,1,True
280,5.0,85.0,0.1,1000.0000000000001,100000.0,99779971.11746854,312.1031000996159,0.0,2087984.7806454448,87.76563622227542,1,1,False
281,0.2,0.0,0.3,1000.0000000000001,100000.0,99780478.3567439,3189.658527629286,0.0,1396870.1184079568,87.75310985921834,1,1,True
282,0.5,0.0,0.3,1000.0000000000001,100000.0,99780470.67579524,1991.036655883246,0.0,2179201.2162064174,87.70247285807733,1,1,True
283,1.0,0.0,0.3,1000.0000000000001,100000.0,99780449.99587232,1224.6204756190546,0.0,3421598.964822052,87.28166536062406,1,1,True
284,5.0,0.0,0.3,1000.0000000000001,100000.0,99779930.03508413,300.2937061976442,0.0,11133964.810919305,83.02638266491329,1,1,False
285,0.2,5.0,0.3,1000.0000000000001,100000.0,99780478.36365122,3191.901629583628,0.0,1062199.3660415115,87.72896087090959,1,1,True
286,0.5,5.0,0.3,1000.0000000000001,100000.0,99780470.68269679,1991.585545613357,0.0,1660686.0106280737,87.78849372391625,1,1,True
287,1.0,5.0,0.3,1000.0000000000001,100000.0,99780450.0027641,1224.7478822453402,0.0,2622467.6227218183,87.59174800593894,1,1,True
288,5.0,5.0,0.3,1000.0000000000001,100000.0,99779930.04189792,300.2955627303283,0.0,8942076.894010248,84.31396583220754,1,1,False
289,0.2,15.0,0.3,1000.0000000000001,100000.0,99780478.37746593,3196.3995711562907,0.0,721181.3909152678,87.72900284666412,1,1,True
290,0.5,15.0,0.3,1000.0000000000001,100000.0,99780470.69649981,1992.6844658185323,0.0,1129539.3466564124,87.79413540075808,1,1,True
291,1.0,15.0,0.3,1000.0000000000001,100000.0,99780450.01654768,1225.0027951841378,0.0,1791446.1656493524,87.79757149833188,1,1,True
292,5.0,15.0,0.3,1000.0000000000001,100000.0,99779930.05552566,300.2992758811763,0.0,6417422.152788663,85.7554081729279,1,1,False
293,0.2,35.0,0.3,1000.0000000000001,100000.0,99780478.40509538,3205.4425886289728,0.0,441160.5053695832,87.89344011204696,1,1,True
294,0.5,35.0,0.3,1000.0000000000001,100000.0,99780470.7241058,1994.8868766935636,0.0,693510.8326359115,87.83229558170927,1,1,True
295,1.0,35.0,0.3,1000.0000000000001,100000.0,99780450.04411481,1225.5130200508897,0.0,1102565.53501501,87.83181635759121,1,1,True
296,5.0,35.0,0.3,1000.0000000000001,100000.0,99779930.08278103,300.3067025248044,0.0,4104018.6074743555,86.97669228201045,1,1,False
297,0.2,85.0,0.3,1000.0000000000001,100000.0,99780478.47416882,3228.327510927828,0.0,224039.4868940825,88.12812945186863,1,1,True
298,0.5,85.0,0.3,1000.0000000000001,100000.0,99780470.79312097,2000.3600945645524,0.0,355155.77245510265,88.18600677673845,1,1,True
299,1.0,85.0,0.3,1000.0000000000001,100000.0,99780450.1130326,1226.790912908791,0.0,568229.507396408,87.98275640013651,1,1,True
300,5.0,85.0,0.3,1000.0000000000001,100000.0,99779930.15091954,300.32527112862954,0.0,2164974.422038236,87.74683880384754,1,1,False
301,0.2,0.0,1.0,1000.0000000000001,100000.0,99780454.91969047,1326.7365767336012,0.0,3179097.5881158733,87.38205356202826,1,1,True
302,0.5,0.0,1.0,1000.0000000000001,100000.0,99780438.96648684,1061.2448604869905,0.0,3897535.306254067,87.06906646038811,1,1,True
303,1.0,0.0,1.0,1000.0000000000001,100000.0,99780404.49949604,795.8712547063948,0.0,5038713.664417395,86.50264979015054,1,1,False
304,5.0,0.0,1.0,1000.0000000000001,100000.0,99779774.24464852,265.2576429627316,0.0,12173644.632984383,82.40498069399348,1,1,False
305,0.2,5.0,1.0,1000.0000000000001,100000.0,99780454.92658424,1326.8976542079201,0.0,2433687.4511902365,87.64938021835684,1,1,True
306,0.5,5.0,1.0,1000.0000000000001,100000.0,99780438.97337474,1061.3275201496174,0.0,2995128.2551921126,87.4596442998004,1,1,True
307,1.0,5.0,1.0,1000.0000000000001,100000.0,99780404.5063742,795.9058746429622,0.0,3897020.358392193,87.0723752898345,1,1,False
308,5.0,5.0,1.0,1000.0000000000001,100000.0,99779774.2514487,265.2589142578045,0.0,9842921.791677432,83.78430691114994,1,1,False
309,0.2,15.0,1.0,1000.0000000000001,100000.0,99780454.94037166,1327.2199546593497,0.0,1660606.3127939003,87.81040675025292,1,1,True
310,0.5,15.0,1.0,1000.0000000000001,100000.0,99780438.9871505,1061.4928876614256,0.0,2050548.51065823,87.75532594223563,1,1,True
311,1.0,15.0,1.0,1000.0000000000001,100000.0,99780404.52013053,795.9751256585948,0.0,2684694.6621907856,87.5789042688686,1,1,False
312,5.0,15.0,1.0,1000.0000000000001,100000.0,99779774.2650491,265.26145689288103,0.0,7118707.777341278,85.3602313158637,1,1,False
313,0.2,35.0,1.0,1000.0000000000001,100000.0,99780454.96794656,1327.8651379682244,0.0,1021551.5029787573,87.82695309618566,1,1,True
314,0.5,35.0,1.0,1000.0000000000001,100000.0,99780439.01470205,1061.8238155176127,0.0,1263498.7992301646,87.83960837478827,1,1,True
315,1.0,35.0,1.0,1000.0000000000001,100000.0,99780404.54764313,796.113672270377,0.0,1660447.9313207883,87.82786634506675,1,1,False
316,5.0,35.0,1.0,1000.0000000000001,100000.0,99779774.29224989,265.26654234276214,0.0,4584606.54769895,86.73725807656058,1,1,False
317,0.2,85.0,1.0,1000.0000000000001,100000.0,99780455.03688382,1329.4814988668409,0.0,526070.3156343107,88.01619262219884,1,1,True
318,0.5,85.0,1.0,1000.0000000000001,100000.0,99780439.0835809,1062.6522611655057,0.0,651921.4067493863,87.9316665803745,1,1,True
319,1.0,85.0,1.0,1000.0000000000001,100000.0,99780404.61642462,796.4602989930809,0.0,858432.2919478187,87.87301645168071,1,1,False
320,5.0,85.0,1.0,1000.0000000000001,100000.0,99779774.36025183,265.27925701594154,0.0,2431715.4820047263,87.67177464298283,1,1,False
321,0.2,0.0,0.0,0.0,1000000000000.0,99999989.3527352,8063.707722908251,0.0,595387.571124952,88.87987459643516,1,1,True
322,0.5,0.0,0.0,0.0,1000000000000.0,99999985.20748436,3189.7178942157757,0.0,1459381.0063211515,89.00809600015633,1,1,True
323,1.0,0.0,0.0,0.0,1000000000000.0,99999970.40305519,1592.3533490029897,0.0,2826845.930851984,88.28909584160265,1,1,True
324,5.0,0.0,0.0,0.0,1000000000000.0,99999496.66550107,318.3111159509314,0.0,11260500.526108705,83.2854054529046,1,1,False
325,0.2,5.0,0.0,0.0,1000000000000.0,99999989.3596551,8099.823780465949,0.0,448045.58964976127,88.71256051843015,1,1,True
326,0.5,5.0,0.0,0.0,1000000000000.0,99999985.21439847,3191.960308732898,0.0,1103454.2007526667,89.17757510733017,1,1,True
327,1.0,5.0,0.0,0.0,1000000000000.0,99999970.40995952,1592.6316658174287,0.0,2154019.3839310664,88.67770081101732,1,1,True
328,5.0,5.0,0.0,0.0,1000000000000.0,99999496.67232744,318.31331677406104,0.0,9016662.355192844,84.6254454704335,1,1,False
329,0.2,15.0,0.0,0.0,1000000000000.0,99999989.37349492,8172.708281641827,0.0,299778.2876812577,88.29273114462165,1,1,True
330,0.5,15.0,0.0,0.0,1000000000000.0,99999985.22822662,3196.4568608943555,0.0,741661.831585542,89.30888579361529,1,1,True
331,1.0,15.0,0.0,0.0,1000000000000.0,99999970.42376816,1593.1886607488034,0.0,1459297.539100697,89.06849707551405,1,1,True
332,5.0,15.0,0.0,0.0,1000000000000.0,99999496.68598017,318.31771853260364,0.0,6446692.980440778,86.15893579759353,1,1,False
333,0.2,35.0,0.0,0.0,1000000000000.0,99999989.40117459,8322.351053722894,0.0,180489.18936894313,87.35515293002511,1,1,True
334,0.5,35.0,0.0,0.0,1000000000000.0,99999985.25588287,3205.49704061682,0.0,447981.03581196547,89.3169687739803,1,1,True
335,1.0,35.0,0.0,0.0,1000000000000.0,99999970.45138551,1594.3040972208005,0.0,887067.4270680653,89.36499699897124,1,1,True
336,5.0,35.0,0.0,0.0,1000000000000.0,99999496.7132857,318.32652249883967,0.0,4106412.6416896675,87.551937783002,1,1,False
337,0.2,85.0,0.0,0.0,1000000000000.0,99999989.4703737,8715.70547529618,0.0,90709.06359537151,84.92240335028985,1,1,True
338,0.5,85.0,0.0,0.0,1000000000000.0,99999985.32502356,3228.374514182082,0.0,225167.2793821379,89.03875036111108,1,1,True
339,1.0,85.0,0.0,0.0,1000000000000.0,99999970.5204289,1597.1011455738287,0.0,447964.6455275925,89.51849348911597,1,1,True
340,5.0,85.0,0.0,0.0,1000000000000.0,99999496.7815494,318.3485350347,0.0,2152630.7903974103,88.70951644056733,1,1,False
341,0.2,0.0,0.1,0.0,1000000000000.0,99999988.36576897,5336.254741119544,0.0,887123.7623914713,89.12990380206648,1,1,True
342,0.5,0.0,0.1,0.0,1000000000000.0,99999983.0361661,2656.3805178495,0.0,1739880.3506201878,88.87932377318833,1,1,True
343,1.0,0.0,0.1,0.0,1000000000000.0,99999966.25781852,1447.4816955679507,0.0,3089957.6840341515,88.13830346320162,1,1,True
344,5.0,0.0,0.1,0.0,1000000000000.0,99999476.72919732,312.06787592567235,0.0,11427166.902635807,83.18515349518837,1,1,False
345,0.2,5.0,0.1,0.0,1000000000000.0,99999988.37268695,5346.7782541832485,0.0,668661.3502293054,89.145296066877,1,1,True
346,0.5,5.0,0.1,0.0,1000000000000.0,99999983.04307821,2657.676637432814,0.0,1317616.475052015,89.1007240693941,1,1,True
347,1.0,5.0,0.1,0.0,1000000000000.0,99999966.26472093,1447.6903703909554,0.0,2358076.672082615,88.56378201156923,1,1,True
348,5.0,5.0,0.1,0.0,1000000000000.0,99999476.73602179,312.0699524821976,0.0,9159079.699400326,84.54015325072369,1,1,False
349,0.2,15.0,0.1,0.0,1000000000000.0,99999988.38652286,5367.97951832071,0.0,448004.44295191,89.04829872191135,1,1,True
350,0.5,15.0,0.1,0.0,1000000000000.0,99999983.05690247,2660.273590653714,0.0,887093.9473381189,89.29783204063227,1,1,True
351,1.0,15.0,0.1,0.0,1000000000000.0,99999966.27852571,1448.1079427903119,0.0,1600020.9577243596,88.99583093408594,1,1,True
352,5.0,15.0,0.1,0.0,1000000000000.0,99999476.74967061,312.07410569748964,0.0,6556599.706117062,86.09305904108594,1,1,False
353,0.2,35.0,0.1,0.0,1000000000000.0,99999988.41419476,5410.526789783538,0.0,269936.1243801842,88.70064602168053,1,1,True
354,0.5,35.0,0.1,0.0,1000000000000.0,99999983.08455099,2665.486405078285,0.0,536481.5209298538,89.38955354755672,1,1,True
355,1.0,35.0,0.1,0.0,1000000000000.0,99999966.30613527,1448.9439793029705,0.0,973836.6172578714,89.33162306239197,1,1,True
356,5.0,35.0,0.1,0.0,1000000000000.0,99999476.7769683,312.08241253705194,0.0,4180562.0494046384,87.50792091645094,1,1,False
357,0.2,85.0,0.1,0.0,1000000000000.0,99999988.4833744,5520.078298680179,0.0,135488.10759318268,87.66062858675598,1,1,True
358,0.5,85.0,0.1,0.0,1000000000000.0,99999983.15367219,2678.629424313861,0.0,269894.995595612,89.26013583348401,1,1,True
359,1.0,85.0,0.1,0.0,1000000000000.0,99999966.3751591,1451.039281573118,0.0,492270.82312650746,89.5282094260618,1,1,True
360,5.0,85.0,0.1,0.0,1000000000000.0,99999476.84521249,312.1031820218637,0.0,2193459.839460908,88.68560913705406,1,1,False
361,0.2,0.0,0.3,0.0,1000000000000.0,99999985.20748436,3189.7178942157757,0.0,1459381.0063211515,89.00809600015633,1,1,True
362,0.5,0.0,0.3,0.0,1000000000000.0,99999977.50917798,1991.0514554421393,0.0,2290266.162346483,88.59023627772936,1,1,True
363,1.0,0.0,0.3,0.0,1000000000000.0,99999956.78299557,1224.624011184862,0.0,3606712.420063693,87.838559201599,1,1,True
364,5.0,0.0,0.3,0.0,1000000000000.0,99999435.6722929,300.29378555362905,0.0,11754742.66704586,82.98837434761492,1,1,False
365,0.2,5.0,0.3,0.0,1000000000000.0,99999985.21439847,3191.960308732898,0.0,1103454.2007526667,89.17757510733017,1,1,True
366,0.5,5.0,0.3,0.0,1000000000000.0,99999977.51608624,1991.6002079663267,0.0,1739833.4021625053,88.90028192594897,1,1,True
367,1.0,5.0,0.3,0.0,1000000000000.0,99999956.78989401,1224.7513917897213,0.0,2760322.9487918676,88.33474962605503,1,1,True
368,5.0,5.0,0.3,0.0,1000000000000.0,99999435.67911345,300.295641856505,0.0,9441111.047360433,84.3707079728898,1,1,False
369,0.2,15.0,0.3,0.0,1000000000000.0,99999985.22822662,3196.4568608943555,0.0,741661.831585542,89.30888579361529,1,1,True
370,0.5,15.0,0.3,0.0,1000000000000.0,99999977.52990271,1992.6988527721758,0.0,1175004.637972444,89.20222370326697,1,1,True
371,1.0,15.0,0.3,0.0,1000000000000.0,99999956.80369103,1225.0062526228796,0.0,1878733.1283388026,88.84511996038928,1,1,True
372,5.0,15.0,0.3,0.0,1000000000000.0,99999435.69275446,300.2993545477138,0.0,6773657.015028069,85.96337110010396,1,1,False
373,0.2,35.0,0.3,0.0,1000000000000.0,99999985.25588287,3205.49704061682,0.0,447981.03581196547,89.31696877398032,1,1,True
374,0.5,35.0,0.3,0.0,1000000000000.0,99999977.55753556,1994.9007088793646,0.0,712483.872461172,89.41022072741103,1,1,True
375,1.0,35.0,0.3,0.0,1000000000000.0,99999956.83128498,1225.5163730268048,0.0,1146344.4999222902,89.25387173992125,1,1,True
376,5.0,35.0,0.3,0.0,1000000000000.0,99999435.72003655,300.30678027196456,0.0,4328415.220832504,87.41985375675158,1,1,False
377,0.2,85.0,0.3,0.0,1000000000000.0,99999985.32502356,3228.374514182082,0.0,225167.2793821379,89.03875036111108,1,1,True
378,0.5,85.0,0.3,0.0,1000000000000.0,99999977.62661792,2000.3723733967252,0.0,359118.2250333596,89.45529816420651,1,1,True
379,1.0,85.0,0.3,0.0,1000000000000.0,99999956.90026993,1226.7940032545841,0.0,580614.3481656879,89.52477943139776,1,1,True
380,5.0,85.0,0.3,0.0,1000000000000.0,99999435.78824176,300.32534657678286,0.0,2275063.5357985077,88.63764487534571,1,1,False
381,0.2,0.0,1.0,0.0,1000000000000.0,99999961.71779858,1326.74101979533,0.0,3350074.3459663065,87.98779487964292,1,1,True
382,0.5,0.0,1.0,0.0,1000000000000.0,99999945.72904076,1061.2471841056802,0.0,4110618.300806877,87.54368078798466,1,1,True
383,1.0,0.0,1.0,0.0,1000000000000.0,99999911.18546315,795.8722643361734,0.0,5317504.545925581,86.83194482611688,1,1,False
384,5.0,0.0,1.0,0.0,1000000000000.0,99999279.53808811,265.2577029305016,0.0,12851886.859180562,82.32703904769505,1,1,False
385,0.2,5.0,1.0,0.0,1000000000000.0,99999961.72469905,1326.9020632923803,0.0,2560169.0098125227,88.44930336012303,1,1,True
386,0.5,5.0,1.0,0.0,1000000000000.0,99999945.73593538,1061.329827800137,0.0,3155038.5609614197,88.10644049751926,1,1,True
387,1.0,5.0,1.0,0.0,1000000000000.0,99999911.192348,795.9068782601737,0.0,4110016.658631349,87.54684054070955,1,1,False
388,5.0,5.0,1.0,0.0,1000000000000.0,99999279.54489502,265.2589740756587,0.0,10391701.609332312,83.79910542970954,1,1,False
389,0.2,15.0,1.0,0.0,1000000000000.0,99999961.73849991,1327.2242956915536,0.0,1739740.66352186,88.92122763172392,1,1,True
390,0.5,15.0,1.0,0.0,1000000000000.0,99999945.74972457,1061.4951633476783,0.0,2153845.4059801684,88.69106175077961,1,1,True
391,1.0,15.0,1.0,0.0,1000000000000.0,99999911.2061177,795.9761172451692,0.0,2826254.543259635,88.30399092599824,1,1,False
392,5.0,15.0,1.0,0.0,1000000000000.0,99999279.55850872,265.2615164108931,0.0,7514669.362745877,85.51914712125608,1,1,False
393,0.2,35.0,1.0,0.0,1000000000000.0,99999961.76610169,1327.8693425042634,0.0,1060304.525230039,89.29411112788225,1,1,True
394,0.5,35.0,1.0,0.0,1000000000000.0,99999945.77730295,1061.8260271634997,0.0,1317496.780751623,89.16783613307436,1,1,True
395,1.0,35.0,1.0,0.0,1000000000000.0,99999911.23365712,796.1146397736468,0.0,1739556.1787953977,88.93795450484755,1,1,False
396,5.0,35.0,1.0,0.0,1000000000000.0,99999279.58573617,265.26660126104235,0.0,4836702.794473674,87.11682914160394,1,1,False
397,0.2,85.0,1.0,0.0,1000000000000.0,99999961.83510607,1329.4853598674176,0.0,536463.444083025,89.5295017634097,1,1,True
398,0.5,85.0,1.0,0.0,1000000000000.0,99999945.84624891,1062.6543120562762,0.0,668599.7939777327,89.50355530229753,1,1,True
399,1.0,85.0,1.0,0.0,1000000000000.0,99999911.30250572,796.4612061593965,0.0,887006.3726234541,89.41535175816905,1,1,False
400,5.0,85.0,1.0,0.0,1000000000000.0,99999279.6538048,265.27931443461506,0.0,2557866.359965083,88.47100143014374,1,1,False
401,0.2,0.0,0.0,100.0,1000000000000.0,99999989.35258052,8063.704869971971,0.0,595173.2638941812,88.61452024424652,1,1,True
402,0.5,0.0,0.0,100.0,1000000000000.0,99999985.20732982,3189.7174957684288,0.0,1456192.4606097382,88.38189343502302,1,1,True
403,1.0,0.0,0.0,100.0,1000000000000.0,99999970.40290083,1592.3533014343013,0.0,2806219.4890581295,87.20888649084594,1,1,True
404,5.0,0.0,0.0,100.0,1000000000000.0,99999496.66534834,318.3111161738241,0.0,10846913.887158478,81.99550165654394,1,1,False
405,0.2,5.0,0.0,100.0,1000000000000.0,99999989.35950047,8099.823301599836,0.0,447957.01204484625,88.51236741559686,1,1,True
406,0.5,5.0,0.0,100.0,1000000000000.0,99999985.21424396,3191.959965770222,0.0,1102054.0690853286,88.69488031445135,1,1,True
407,1.0,5.0,0.0,100.0,1000000000000.0,99999970.40980518,1592.6316217519102,0.0,2144214.129828851,87.79993332903074,1,1,True
408,5.0,5.0,0.0,100.0,1000000000000.0,99999496.67217475,318.31331700347545,0.0,8729747.688467516,83.187352313249,1,1,False
409,0.2,15.0,0.0,100.0,1000000000000.0,99999989.37334031,8172.712858445459,0.0,299754.7788207979,88.1587232314864,1,1,True
410,0.5,15.0,0.0,100.0,1000000000000.0,99999985.22807208,3196.4566301966306,0.0,741238.2359731636,88.97985533221068,1,1,True
411,1.0,15.0,0.0,100.0,1000000000000.0,99999970.42361382,1593.1886237096655,0.0,1456109.6864319968,88.4424597390598,1,1,True
412,5.0,15.0,0.0,100.0,1000000000000.0,99999496.6858275,318.3177187750623,0.0,6295637.926817749,84.64364667827421,1,1,False
413,0.2,35.0,0.0,100.0,1000000000000.0,99999989.40101995,8322.367095963558,0.0,180485.331647485,87.27472039247678,1,1,True
414,0.5,35.0,0.0,100.0,1000000000000.0,99999985.2557284,3205.497039706141,0.0,447892.46520589927,89.1169230799422,1,1,True
415,1.0,35.0,0.0,100.0,1000000000000.0,99999970.4512312,1594.3040743148938,0.0,886348.491358193,88.97345624037925,1,1,True
416,5.0,35.0,0.0,100.0,1000000000000.0,99999496.71313299,318.32652276739367,0.0,4052131.825655283,86.20494633464,1,1,False
417,0.2,85.0,0.0,100.0,1000000000000.0,99999989.47021909,8715.759919092126,0.0,90708.82396656871,84.88224783387952,1,1,True
418,0.5,85.0,0.0,100.0,1000000000000.0,99999985.32486914,3228.3751194244396,0.0,225158.4879911978,88.93828002309287,1,1,True
419,1.0,85.0,0.0,100.0,1000000000000.0,99999970.52027462,1597.1011584742246,0.0,447876.08187058783,89.31849465347176,1,1,True
420,5.0,85.0,0.0,100.0,1000000000000.0,99999496.78139678,318.3485353685221,0.0,2142849.594874367,87.83237301467985,1,1,False
421,0.2,0.0,0.1,100.0,1000000000000.0,99999988.36561435,5336.253270453079,0.0,886404.6905829711,88.73814699704423,1,1,True
422,0.5,0.0,0.1,100.0,1000000000000.0,99999983.03601162,2656.380281515577,0.0,1734593.1265359663,88.14659542298985,1,1,True
423,1.0,0.0,0.1,100.0,1000000000000.0,99999966.25766423,1447.4816611652313,0.0,3063926.1783215394,86.99055100536359,1,1,True
424,5.0,0.0,0.1,100.0,1000000000000.0,99999476.72904468,312.06787614959126,0.0,11003598.889300201,81.90794662312926,1,1,False
425,0.2,5.0,0.1,100.0,1000000000000.0,99999988.37253235,5346.777222821498,0.0,668355.1258430652,88.847924779338,1,1,True
426,0.5,5.0,0.1,100.0,1000000000000.0,99999983.04292373,2657.676427873383,0.0,1315285.4847857044,88.53064705187046,1,1,True
427,1.0,5.0,0.1,100.0,1000000000000.0,99999966.26456663,1447.690338386236,0.0,2345416.1197132594,87.62022304186127,1,1,True
428,5.0,5.0,0.1,100.0,1000000000000.0,99999476.73586911,312.06995271217215,0.0,8864694.507535286,83.1097388093096,1,1,False
429,0.2,15.0,0.1,100.0,1000000000000.0,99999988.38636827,5367.979394458663,0.0,447915.86869028676,88.84818986627253,1,1,True
430,0.5,15.0,0.1,100.0,1000000000000.0,99999983.05674803,2660.27343507501,0.0,886374.9336959978,88.90622511136482,1,1,True
431,1.0,15.0,0.1,100.0,1000000000000.0,99999966.27837145,1448.1079155929,0.0,1595850.4172930839,88.31558859458481,1,1,True
432,5.0,15.0,0.1,100.0,1000000000000.0,99999476.74951796,312.07410593957627,0.0,6400200.582280285,84.57717447814684,1,1,False
433,0.2,35.0,0.1,100.0,1000000000000.0,99999988.41404016,5410.5285820381,0.0,269919.46395347716,88.58005972553472,1,1,True
434,0.5,35.0,0.1,100.0,1000000000000.0,99999983.08439651,2665.486359205257,0.0,536328.1830477051,89.15033243953987,1,1,True
435,1.0,35.0,0.1,100.0,1000000000000.0,99999966.30598098,1448.9439617655617,0.0,972885.78831278,88.90325934012172,1,1,True
436,5.0,35.0,0.1,100.0,1000000000000.0,99999476.77681565,312.08241280336847,0.0,4124050.3345369105,86.14962482833143,1,1,False
437,0.2,85.0,0.1,100.0,1000000000000.0,99999988.48321985,5520.085557810672,0.0,135486.8330096657,87.60042938473225,1,1,True
438,0.5,85.0,0.1,100.0,1000000000000.0,99999983.15351778,2678.6296631132673,0.0,269878.3369441336,89.13960236429661,1,1,True
439,1.0,85.0,0.1,100.0,1000000000000.0,99999966.3750049,1451.0392884522316,0.0,492151.7274615088,89.30856513960111,1,1,True
440,5.0,85.0,0.1,100.0,1000000000000.0,99999476.84505993,312.1031823487817,0.0,2183208.867622978,87.79488540550538,1,1,False
441,0.2,0.0,0.3,100.0,1000000000000.0,99999985.20732982,3189.7174957684256,0.0,1456192.4606097382,88.38189343502302,1,1,True
442,0.5,0.0,0.3,100.0,1000000000000.0,99999977.50902359,1991.051356499335,0.0,2278789.7877116967,87.66775113938198,1,1,True
443,1.0,0.0,0.3,100.0,1000000000000.0,99999956.78284134,1224.623991886536,0.0,3567458.6736304937,86.57792464074878,1,1,True
444,5.0,0.0,0.3,100.0,1000000000000.0,99999435.67214033,300.2937857781649,0.0,11313160.679249136,81.73451143179551,1,1,False
445,0.2,5.0,0.3,100.0,1000000000000.0,99999985.21424396,3191.959965770222,0.0,1102054.0690853286,88.69488031445135,1,1,True
446,0.5,5.0,0.3,100.0,1000000000000.0,99999977.51593184,1991.6001175832657,0.0,1734547.774674708,88.16763365561556,1,1,True
447,1.0,5.0,0.3,100.0,1000000000000.0,99999956.78973985,1224.751373741199,0.0,2741016.3381695175,87.2726281998989,1,1,True
448,5.0,5.0,0.3,100.0,1000000000000.0,99999435.67896084,300.29564208628875,0.0,9130424.081860142,82.95782108713658,1,1,False
449,0.2,15.0,0.3,100.0,1000000000000.0,99999985.22807208,3196.4566301966306,0.0,741238.2359731636,88.97985533221068,1,1,True
450,0.5,15.0,0.3,100.0,1000000000000.0,99999977.52974829,1992.6987795853745,0.0,1173342.4611389723,88.69006286296934,1,1,True
451,1.0,15.0,0.3,100.0,1000000000000.0,99999956.80353688,1225.0062370781445,0.0,1872098.2129844844,88.06221747047388,1,1,True
452,5.0,15.0,0.3,100.0,1000000000000.0,99999435.69260189,300.2993547879931,0.0,6606402.571478186,84.44764149433213,1,1,False
453,0.2,35.0,0.3,100.0,1000000000000.0,99999985.2557284,3205.497039706141,0.0,447892.4652058984,89.1169230799422,1,1,True
454,0.5,35.0,0.3,100.0,1000000000000.0,99999977.55738121,1994.9006703938817,0.0,712109.8465373805,89.09389297652248,1,1,True
455,1.0,35.0,0.3,100.0,1000000000000.0,99999956.83113082,1225.5163625063876,0.0,1144799.7346664742,88.75354295640709,1,1,True
456,5.0,35.0,0.3,100.0,1000000000000.0,99999435.71988398,300.3067805332396,0.0,4266500.112412889,86.04139445217119,1,1,False
457,0.2,85.0,0.3,100.0,1000000000000.0,99999985.32486914,3228.3751194244396,0.0,225158.4879911978,88.93828002309287,1,1,True
458,0.5,85.0,0.3,100.0,1000000000000.0,99999977.62646353,2000.372422933628,0.0,359075.2039529229,89.29484522098355,1,1,True
459,1.0,85.0,0.3,100.0,1000000000000.0,99999956.90011579,1226.794005393121,0.0,580415.6628535923,89.26615043238526,1,1,True
460,5.0,85.0,0.3,100.0,1000000000000.0,99999435.78808926,300.3253468905686,0.0,2263741.4936835715,87.72034976545034,1,1,False
461,0.2,0.0,1.0,100.0,1000000000000.0,99999961.71764435,1326.7409942935813,0.0,3317497.419466156,86.78044566426237,1,1,True
462,0.5,0.0,1.0,100.0,1000000000000.0,99999945.72888666,1061.2471727561556,0.0,4056055.2537696143,86.19591716078403,1,1,True
463,1.0,0.0,1.0,100.0,1000000000000.0,99999911.18530923,795.8722608296011,0.0,5217492.47209532,85.35608868514193,1,1,False
464,5.0,0.0,1.0,100.0,1000000000000.0,99999279.53793585,265.2577031425153,0.0,12347063.788000097,81.15581463921143,1,1,False
465,0.2,5.0,1.0,100.0,1000000000000.0,99999961.72454482,1326.9020394948966,0.0,2544473.0136871804,87.44409619411533,1,1,True
466,0.5,5.0,1.0,100.0,1000000000000.0,99999945.73578128,1061.3298171596934,0.0,3127471.265784341,86.94319076774087,1,1,True
467,1.0,5.0,1.0,100.0,1000000000000.0,99999911.19219404,795.9068749811905,0.0,4055494.0380454604,86.19921497143753,1,1,False
468,5.0,5.0,1.0,100.0,1000000000000.0,99999279.54474269,265.2589742909289,0.0,10027634.84834228,82.44852084648058,1,1,False
469,0.2,15.0,1.0,100.0,1000000000000.0,99999961.7383457,1327.2242753093221,0.0,1734458.2026861347,88.18867488628473,1,1,True
470,0.5,15.0,1.0,100.0,1000000000000.0,99999945.74957041,1061.4951541271685,0.0,2144043.163861024,87.81341526928429,1,1,True
471,1.0,15.0,1.0,100.0,1000000000000.0,99999911.2059638,795.9761144216769,0.0,2805657.045640239,87.22404211442725,1,1,False
472,5.0,15.0,1.0,100.0,1000000000000.0,99999279.55835639,265.26151663267603,0.0,7309757.092983357,84.01554009335307,1,1,False
473,0.2,35.0,1.0,100.0,1000000000000.0,99999961.76594742,1327.8693289795028,0.0,1059069.2340801028,88.82946289323168,1,1,True
474,0.5,35.0,1.0,100.0,1000000000000.0,99999945.77714886,1061.8260207899523,0.0,1315166.608034703,88.59792757015616,1,1,True
475,1.0,35.0,1.0,100.0,1000000000000.0,99999911.23350325,796.114637862406,0.0,1734280.0265115725,88.2055153839315,1,1,False
476,5.0,35.0,1.0,100.0,1000000000000.0,99999279.58558388,265.26660149585246,0.0,4756405.121272275,85.67985089049854,1,1,False
477,0.2,85.0,1.0,100.0,1000000000000.0,99999961.83495192,1329.4853636445378,0.0,536310.1217904943,89.29032900475008,1,1,True
478,0.5,85.0,1.0,100.0,1000000000000.0,99999945.84609483,1062.6543128417072,0.0,668293.6473538198,89.20637516939063,1,1,True
479,1.0,85.0,1.0,100.0,1000000000000.0,99999911.30235185,796.4612065361939,0.0,886287.631834934,89.02387816898296,1,1,False
480,5.0,85.0,1.0,100.0,1000000000000.0,99999279.65365253,265.2793147020039,0.0,2542223.023635177,87.466641784685,1,1,False
481,0.2,0.0,0.0,500.00000000000006,1000000000000.0,99999989.35194284,8063.492894088872,0.0,590555.5810599733,87.74732827662525,1,1,True
482,0.5,0.0,0.0,500.00000000000006,1000000000000.0,99999985.20669262,3189.703517162943,0.0,1419638.4630584002,87.43722391288722,1,1,True
483,1.0,0.0,0.0,500.00000000000006,1000000000000.0,99999970.40226442,1592.3515732590038,0.0,2707591.1561492113,87.03697705663582,1,1,True
484,5.0,0.0,0.0,500.00000000000006,1000000000000.0,99999496.66471842,318.3111047694023,0.0,10674050.791430572,83.09920773506005,1,1,False
485,0.2,5.0,0.0,500.00000000000006,1000000000000.0,99999989.35886276,8099.617742569566,0.0,445850.84622872353,87.79878902511525,1,1,True
486,0.5,5.0,0.0,500.00000000000006,1000000000000.0,99999985.21360673,3191.9461791008694,0.0,1081316.3505087462,87.65376097792684,1,1,True
487,1.0,5.0,0.0,500.00000000000006,1000000000000.0,99999970.4091688,1592.6299066615672,0.0,2074735.7211800595,87.23533129639318,1,1,True
488,5.0,5.0,0.0,500.00000000000006,1000000000000.0,99999496.67154478,318.31330562484624,0.0,8550534.882457009,84.29597062242246,1,1,False
489,0.2,15.0,0.0,500.00000000000006,1000000000000.0,99999989.37270261,8172.523636258253,0.0,299099.621789663,87.64837639226222,1,1,True
490,0.5,15.0,0.0,500.00000000000006,1000000000000.0,99999985.22743492,3196.4432323221845,0.0,733143.8865715379,88.01309836750282,1,1,True
491,1.0,15.0,0.0,500.00000000000006,1000000000000.0,99999970.42297748,1593.1869348674218,0.0,1419563.0548145203,87.4993186237864,1,1,True
492,5.0,15.0,0.0,500.00000000000006,1000000000000.0,99999496.68519758,318.31770744802384,0.0,6121249.601722946,85.59089679976773,1,1,False
493,0.2,35.0,0.0,500.00000000000006,1000000000000.0,99999989.40038237,8322.213231856571,0.0,180343.31852498883,86.95741634591023,1,1,True
494,0.5,35.0,0.0,500.00000000000006,1000000000000.0,99999985.25509125,3205.484439405116,0.0,445787.80523836234,88.40626915889476,1,1,True
495,1.0,35.0,0.0,500.00000000000006,1000000000000.0,99999970.45059492,1594.3024382827268,0.0,873703.106786029,87.95069354693675,1,1,True
496,5.0,35.0,0.0,500.00000000000006,1000000000000.0,99999496.71250317,318.32651154355733,0.0,3912368.3781100153,86.61678208929729,1,1,False
497,0.2,85.0,0.0,500.00000000000006,1000000000000.0,99999989.46958165,8715.730138025356,0.0,90691.79149564555,84.72148878889368,1,1,True
498,0.5,85.0,0.0,500.00000000000006,1000000000000.0,99999985.32423215,3228.364633620208,0.0,224877.32546661337,88.54766089205283,1,1,True
499,1.0,85.0,0.0,500.00000000000006,1000000000000.0,99999970.51963843,1597.099656313362,0.0,445771.9247783273,88.60881004350504,1,1,True
500,5.0,85.0,0.0,500.00000000000006,1000000000000.0,99999496.78076707,318.34852440281827,0.0,2073533.9079949167,87.26809217312417,1,1,False
501,0.2,0.0,0.1,500.00000000000006,1000000000000.0,99999988.36497685,5336.189181774112,0.0,873757.4282340844,87.71196509179855,1,1,True
502,0.5,0.0,0.1,500.00000000000006,1000000000000.0,99999983.0353746,2656.3721781859454,0.0,1684762.7130030564,87.33986108516314,1,1,True
503,1.0,0.0,0.1,500.00000000000006,1000000000000.0,99999966.25702801,1447.4803702913455,0.0,2955064.791964603,86.95878804353445,1,1,True
504,5.0,0.0,0.1,500.00000000000006,1000000000000.0,99999476.72841491,312.06786543994974,0.0,10832098.17231746,83.00794423796515,1,1,False
505,0.2,5.0,0.1,500.00000000000006,1000000000000.0,99999988.37189485,5346.714496960989,0.0,662083.213523215,87.92506584764524,1,1,True
506,0.5,5.0,0.1,500.00000000000006,1000000000000.0,99999983.04228674,2657.6684196066544,0.0,1285278.4297952573,87.53408174646383,1,1,True
507,1.0,5.0,0.1,500.00000000000006,1000000000000.0,99999966.26393045,1447.6890565300928,0.0,2266729.402298734,87.17810856571262,1,1,True
508,5.0,5.0,0.1,500.00000000000006,1000000000000.0,99999476.73523936,312.069942026486,0.0,8685413.680709165,84.2210277361158,1,1,False
509,0.2,15.0,0.1,500.00000000000006,1000000000000.0,99999988.3857308,5367.919500234048,0.0,445810.6369459907,88.13624191151656,1,1,True
510,0.5,15.0,0.1,500.00000000000006,1000000000000.0,99999983.056111,2660.2656185886017,0.0,873728.4281796045,87.88248260337804,1,1,True
511,1.0,15.0,0.1,500.00000000000006,1000000000000.0,99999966.27773522,1448.1066518164823,0.0,1552613.1492503968,87.437170851963,1,1,True
512,5.0,15.0,0.1,500.00000000000006,1000000000000.0,99999476.74888822,312.07409530180524,0.0,6224900.479785069,85.53802220566637,1,1,False
513,0.2,35.0,0.1,500.00000000000006,1000000000000.0,99999988.41340274,5410.475427467108,0.0,269433.42454935366,88.11690867113859,1,1,True
514,0.5,35.0,0.1,500.00000000000006,1000000000000.0,99999983.08375956,2665.478932965349,0.0,532883.7166096028,88.34206283881699,1,1,True
515,1.0,35.0,0.1,500.00000000000006,1000000000000.0,99999966.30534485,1448.942734326051,0.0,957162.7173138596,87.86502061658241,1,1,True
516,5.0,35.0,0.1,500.00000000000006,1000000000000.0,99999476.77618597,312.08240226144693,0.0,3982198.404627578,86.58820793875654,1,1,False
517,0.2,85.0,0.1,500.00000000000006,1000000000000.0,99999988.48258254,5520.050788606293,0.0,135427.25860072067,87.36131585725599,1,1,True
518,0.5,85.0,0.1,500.00000000000006,1000000000000.0,99999983.15288095,2678.6232524089114,0.0,269392.31509403914,88.67751595386112,1,1,True
519,1.0,85.0,0.1,500.00000000000006,1000000000000.0,99999966.37436889,1451.038152897246,0.0,489398.186560637,88.54784232166679,1,1,True
520,5.0,85.0,0.1,500.00000000000006,1000000000000.0,99999476.84443034,312.10317204659697,0.0,2112030.2219316456,87.25517680539515,1,1,False
521,0.2,0.0,0.3,500.00000000000006,1000000000000.0,99999985.20669262,3189.703517162943,0.0,1419638.4630584002,87.43722391288722,1,1,True
522,0.5,0.0,0.3,500.00000000000006,1000000000000.0,99999977.50838687,1991.047929866453,0.0,2203019.1468667975,87.184840277489,1,1,True
523,1.0,0.0,0.3,500.00000000000006,1000000000000.0,99999956.78220545,1224.6232103211257,0.0,3441394.935412039,86.79061860934837,1,1,True
524,5.0,0.0,0.3,500.00000000000006,1000000000000.0,99999435.6715109,300.2937762964502,0.0,11142649.176838174,82.828543889984,1,1,False
525,0.2,5.0,0.3,500.00000000000006,1000000000000.0,99999985.21360673,3191.9461791008694,0.0,1081316.3505087462,87.65376097792684,1,1,True
526,0.5,5.0,0.3,500.00000000000006,1000000000000.0,99999977.51529513,1991.596722316719,0.0,1684721.657789198,87.36150169846432,1,1,True
527,1.0,5.0,0.3,500.00000000000006,1000000000000.0,99999956.78910398,1224.7505969228037,0.0,2645051.7497584317,87.06416722859028,1,1,True
528,5.0,5.0,0.3,500.00000000000006,1000000000000.0,99999435.67833139,300.2956326253427,0.0,8952212.661767991,84.07184241759049,1,1,False
529,0.2,15.0,0.3,500.00000000000006,1000000000000.0,99999985.22743492,3196.4432323221845,0.0,733143.8865715379,88.01309836750282,1,1,True
530,0.5,15.0,0.3,500.00000000000006,1000000000000.0,99999977.52911161,1992.695447348723,0.0,1149599.4057896524,87.6591550705118,1,1,True
531,1.0,15.0,0.3,500.00000000000006,1000000000000.0,99999956.80290096,1225.0054697701678,0.0,1815510.139553738,87.33493443643113,1,1,True
532,5.0,15.0,0.3,500.00000000000006,1000000000000.0,99999435.6919725,300.2993453685865,0.0,6430142.372269987,85.43259326126422,1,1,False
533,0.2,35.0,0.3,500.00000000000006,1000000000000.0,99999985.25509125,3205.484439405113,0.0,445787.80523836234,88.40626915889473,1,1,True
534,0.5,35.0,0.3,500.00000000000006,1000000000000.0,99999977.55674458,1994.8974654127376,0.0,704751.8746221702,88.14500391382022,1,1,True
535,1.0,35.0,0.3,500.00000000000006,1000000000000.0,99999956.83049501,1225.5156142849216,0.0,1122238.7726405938,87.71902610430722,1,1,True
536,5.0,35.0,0.3,500.00000000000006,1000000000000.0,99999435.71925466,300.3067711969286,0.0,4121717.604255576,86.52975539605737,1,1,False
537,0.2,85.0,0.3,500.00000000000006,1000000000000.0,99999985.32423215,3228.364633620208,0.0,224877.32546661337,88.54766089205283,1,1,True
538,0.5,85.0,0.3,500.00000000000006,1000000000000.0,99999977.62582706,2000.3695763791825,0.0,357957.72190815397,88.70063728807527,1,1,True
539,1.0,85.0,0.3,500.00000000000006,1000000000000.0,99999956.8994801,1226.7933052729372,0.0,576090.2868781182,88.41701299478167,1,1,True
540,5.0,85.0,0.3,500.00000000000006,1000000000000.0,99999435.78746004,300.3253377620861,0.0,2188609.9494771645,87.22988466337371,1,1,False
541,0.2,0.0,1.0,500.00000000000006,1000000000000.0,99999961.71700826,1326.7400019644813,0.0,3199798.957770053,86.87652401692888,1,1,True
542,0.5,0.0,1.0,500.00000000000006,1000000000000.0,99999945.72825105,1061.2466701039425,0.0,3915975.004681066,86.60859911685866,1,1,True
543,1.0,0.0,1.0,500.00000000000006,1000000000000.0,99999911.18467441,795.8720550531962,0.0,5054127.136374573,86.11270970156514,1,1,False
544,5.0,0.0,1.0,500.00000000000006,1000000000000.0,99999279.53730752,265.25769686830546,0.0,12181907.276751906,82.22294993154483,1,1,False
545,0.2,5.0,1.0,500.00000000000006,1000000000000.0,99999961.72390874,1326.9010536099327,0.0,2456674.5490438165,87.12158298724682,1,1,True
546,0.5,5.0,1.0,500.00000000000006,1000000000000.0,99999945.73514566,1061.329317221077,0.0,3016249.422867011,86.94471462432385,1,1,True
547,1.0,5.0,1.0,500.00000000000006,1000000000000.0,99999911.19155933,795.9066700863151,0.0,3915459.121060056,86.611850265891,1,1,False
548,5.0,5.0,1.0,500.00000000000006,1000000000000.0,99999279.5441144,265.2589680296256,0.0,9852378.698836224,83.56248565655244,1,1,False
549,0.2,15.0,1.0,500.00000000000006,1000000000000.0,99999961.73770963,1327.2233023389717,0.0,1684640.6943403003,87.38312361630551,1,1,True
550,0.5,15.0,1.0,500.00000000000006,1000000000000.0,99999945.74893494,1061.4946596227162,0.0,2074585.1245991513,87.24917074644239,1,1,True
551,1.0,15.0,1.0,500.00000000000006,1000000000000.0,99999911.20532908,795.9759112911146,0.0,2707082.1619578176,87.0524174592214,1,1,False
552,5.0,15.0,1.0,500.00000000000006,1000000000000.0,99999279.55772816,265.26151039718695,0.0,7130615.516024752,85.06421672291033,1,1,False
553,0.2,35.0,1.0,500.00000000000006,1000000000000.0,99999961.76531146,1327.8683819440234,0.0,1040038.8320077982,87.78789898155242,1,1,True
554,0.5,35.0,1.0,500.00000000000006,1000000000000.0,99999945.77651335,1061.825537181763,0.0,1285169.892117655,87.60290212949363,1,1,True
555,1.0,35.0,1.0,500.00000000000006,1000000000000.0,99999911.23286855,796.114438265478,0.0,1684479.742409081,87.40037638936937,1,1,False
556,5.0,35.0,1.0,500.00000000000006,1000000000000.0,99999279.58495568,265.2665953119998,0.0,4601084.68186262,86.32059449033088,1,1,False
557,0.2,85.0,1.0,500.00000000000006,1000000000000.0,99999961.83431605,1329.4844820659976,0.0,532865.9613262307,88.48298929876309,1,1,True
558,0.5,85.0,1.0,500.00000000000006,1000000000000.0,99999945.84545952,1062.65385663766,0.0,662023.0572325857,88.2869407529717,1,1,True
559,1.0,85.0,1.0,500.00000000000006,1000000000000.0,99999911.30171731,796.4610158026254,0.0,873645.0932062642,88.00186174990657,1,1,False
560,5.0,85.0,1.0,500.00000000000006,1000000000000.0,99999279.65302445,265.2793086472855,0.0,2454644.4301545448,87.14376563834558,1,1,False
561,0.2,0.0,0.0,1000.0000000000001,1000000000000.0,99999989.35110274,8062.776875443385,0.0,582318.6358724441,87.31188354117359,1,1,True
562,0.5,0.0,0.0,1000.0000000000001,1000000000000.0,99999985.20585313,3189.6581803443464,0.0,1396849.7560866217,87.751940284841,1,1,True
563,1.0,0.0,0.0,1000.0000000000001,1000000000000.0,99999970.40142597,1592.3459528345882,0.0,2685171.076419239,87.56309612656338,1,1,True
564,5.0,0.0,0.0,1000.0000000000001,1000000000000.0,99999496.66388799,318.3110628479137,0.0,10665153.335636338,83.30507341892803,1,1,False
565,0.2,5.0,0.0,1000.0000000000001,1000000000000.0,99999989.3580227,8098.902812527025,0.0,441240.955099456,87.27500329160509,1,1,True
566,0.5,5.0,0.0,1000.0000000000001,1000000000000.0,99999985.21276726,3191.901014672757,0.0,1062184.321751012,87.72694789078719,1,1,True
567,1.0,5.0,0.0,1000.0000000000001,1000000000000.0,99999970.40833034,1592.624300505556,0.0,2050676.614378952,87.74087125002336,1,1,True
568,5.0,5.0,0.0,1000.0000000000001,1000000000000.0,99999496.67071441,318.31326373493584,0.0,8540058.588751748,84.54831606273696,1,1,False
569,0.2,15.0,0.0,1000.0000000000001,1000000000000.0,99999989.37186253,8171.820373827756,0.0,297347.83561249706,87.14897522702671,1,1,True
570,0.5,15.0,0.0,1000.0000000000001,1000000000000.0,99999985.2265954,3196.398418243194,0.0,721180.6833087315,87.72552516767313,1,1,True
571,1.0,15.0,0.0,1000.0000000000001,1000000000000.0,99999970.42213902,1593.1813573414595,0.0,1396777.5806711672,87.81501409496076,1,1,True
572,5.0,15.0,0.0,1000.0000000000001,1000000000000.0,99999496.68436718,318.31766562127876,0.0,6107994.626111178,85.9270497802129,1,1,False
573,0.2,35.0,0.0,1000.0000000000001,1000000000000.0,99999989.39954235,8321.530508332207,0.0,179910.98079820396,86.59303975963688,1,1,True
574,0.5,35.0,0.0,1000.0000000000001,1000000000000.0,99999985.25425187,3205.440348649172,0.0,441177.5879307177,87.88884040738021,1,1,True
575,1.0,35.0,0.0,1000.0000000000001,1000000000000.0,99999970.4497565,1594.296918391201,0.0,858478.9566784886,87.81818474401437,1,1,True
576,5.0,35.0,0.0,1000.0000000000001,1000000000000.0,99999496.71167286,318.32646984316807,0.0,3893920.907240366,87.07750681084698,1,1,False
577,0.2,85.0,0.0,1000.0000000000001,1000000000000.0,99999989.46874179,8715.1359813165,0.0,90635.32749345865,84.52334312704201,1,1,True
578,0.5,85.0,0.0,1000.0000000000001,1000000000000.0,99999985.32339287,3228.3224879538893,0.0,224060.19939092526,88.12445479658024,1,1,True
579,1.0,85.0,0.0,1000.0000000000001,1000000000000.0,99999970.51880023,1597.0942827101962,0.0,441161.88977963995,88.09350280426126,1,1,True
580,5.0,85.0,0.0,1000.0000000000001,1000000000000.0,99999496.77993694,318.3484830184751,0.0,2049486.609823002,87.7739286827659,1,1,False
581,0.2,0.0,0.1,1000.0000000000001,1000000000000.0,99999988.36413695,5335.978136492623,0.0,858530.9817458787,87.57527096867445,1,1,True
582,0.5,0.0,0.1,1000.0000000000001,1000000000000.0,99999983.03453527,2656.345944453348,0.0,1660704.8078647726,87.76576506700232,1,1,True
583,1.0,0.0,0.1,1000.0000000000001,1000000000000.0,99999966.2561897,1447.4761619011492,0.0,2933675.832762417,87.47633601359509,1,1,True
584,5.0,0.0,0.1,1000.0000000000001,1000000000000.0,99999476.7275847,312.0678259409512,0.0,10823207.757697605,83.21111498505987,1,1,False
585,0.2,5.0,0.1,1000.0000000000001,1000000000000.0,99999988.37105493,5346.504267381727,0.0,651982.5973738306,87.56040434804304,1,1,True
586,0.5,5.0,0.1,1000.0000000000001,1000000000000.0,99999983.04144742,2657.642277615408,0.0,1263585.5217680065,87.76822837455978,1,1,True
587,1.0,5.0,0.1,1000.0000000000001,1000000000000.0,99999966.26309212,1447.6848581197708,0.0,2242970.083520989,87.6995616462862,1,1,True
588,5.0,5.0,0.1,1000.0000000000001,1000000000000.0,99999476.73440917,312.06990255683047,0.0,8675214.66187756,84.46964721165091,1,1,False
589,0.2,15.0,0.1,1000.0000000000001,1000000000000.0,99999988.38489093,5367.711012994877,0.0,441200.4807986841,87.61598552775345,1,1,True
590,0.5,15.0,0.1,1000.0000000000001,1000000000000.0,99999983.05527176,2660.23966198496,0.0,858502.9193316218,87.74878802467406,1,1,True
591,1.0,15.0,0.1,1000.0000000000001,1000000000000.0,99999966.27689697,1448.102473418905,0.0,1529134.946144148,87.81575692841176,1,1,True
592,5.0,15.0,0.1,1000.0000000000001,1000000000000.0,99999476.74805807,312.07405589084277,0.0,6211729.997804111,85.86971041363344,1,1,False
593,0.2,35.0,0.1,1000.0000000000001,1000000000000.0,99999988.41256292,5410.273281789899,0.0,268112.65680017683,87.64380018846651,1,1,True
594,0.5,35.0,0.1,1000.0000000000001,1000000000000.0,99999983.08292039,2665.453354838676,0.0,526099.6486246263,87.86907890812527,1,1,True
595,1.0,35.0,0.1,1000.0000000000001,1000000000000.0,99999966.30450667,1448.9385961666305,0.0,940229.8211183001,87.82038258657893,1,1,True
596,5.0,35.0,0.1,1000.0000000000001,1000000000000.0,99999476.77535588,312.08236296789335,0.0,3964265.1891012653,87.04399433648871,1,1,False
597,0.2,85.0,0.1,1000.0000000000001,1000000000000.0,99999988.48174289,5519.86378324008,0.0,135237.66382166624,87.07614350199547,1,1,True
598,0.5,85.0,0.1,1000.0000000000001,1000000000000.0,99999983.15204191,2678.598666513109,0.0,268072.4449874241,88.20721593702804,1,1,True
599,1.0,85.0,0.1,1000.0000000000001,1000000000000.0,99999966.3735309,1451.0341165824134,0.0,483751.5737286145,88.05041471972434,1,1,True
600,5.0,85.0,0.1,1000.0000000000001,1000000000000.0,99999476.84360042,312.10313304670547,0.0,2087964.2765381497,87.7651940059781,1,1,False
601,0.2,0.0,0.3,1000.0000000000001,1000000000000.0,99999985.20585313,3189.6581803443464,0.0,1396849.7560866217,87.751940284841,1,1,True
602,0.5,0.0,0.3,1000.0000000000001,1000000000000.0,99999977.50754797,1991.0368273544893,0.0,2179180.913115479,87.70207727720366,1,1,True
603,1.0,0.0,0.3,1000.0000000000001,1000000000000.0,99999956.78136753,1224.620648546161,0.0,3421583.1946122902,87.28155390646498,1,1,True
604,5.0,0.0,0.3,1000.0000000000001,1000000000000.0,99999435.67068106,300.29374108963714,0.0,11133959.42175604,83.02638108515787,1,1,False
605,0.2,5.0,0.3,1000.0000000000001,1000000000000.0,99999985.21276726,3191.901014672757,0.0,1062184.321751012,87.72694789078719,1,1,True
606,0.5,5.0,0.3,1000.0000000000001,1000000000000.0,99999977.51445626,1991.5856525476404,0.0,1660664.3622407094,87.78770784257415,1,1,True
607,1.0,5.0,0.3,1000.0000000000001,1000000000000.0,99999956.78826606,1224.7480405140623,0.0,2622449.035361638,87.59150894975802,1,1,True
608,5.0,5.0,0.3,1000.0000000000001,1000000000000.0,99999435.67750162,300.2955974439906,0.0,8942070.14177631,84.31396144954648,1,1,False
609,0.2,15.0,0.3,1000.0000000000001,1000000000000.0,99999985.2265954,3196.398418243194,0.0,721180.6833087315,87.72552516767313,1,1,True
610,0.5,15.0,0.3,1000.0000000000001,1000000000000.0,99999977.52827275,1992.6844434147627,0.0,1129522.5750366184,87.79233602226206,1,1,True
611,1.0,15.0,0.3,1000.0000000000001,1000000000000.0,99999956.80206312,1225.0029241136174,0.0,1791424.6680202715,87.79691810086369,1,1,True
612,5.0,15.0,0.3,1000.0000000000001,1000000000000.0,99999435.69114271,300.29931023816334,0.0,6417413.021261581,85.75539276451595,1,1,False
613,0.2,35.0,0.3,1000.0000000000001,1000000000000.0,99999985.25425187,3205.440348649172,0.0,441177.5879307177,87.88884040738021,1,1,True
614,0.5,35.0,0.3,1000.0000000000001,1000000000000.0,99999977.55590582,1994.8865945546866,0.0,693511.7932843129,87.82867862159024,1,1,True
615,1.0,35.0,0.3,1000.0000000000001,1000000000000.0,99999956.82965721,1225.5130902119204,0.0,1102549.3483209522,87.82993533469143,1,1,True
616,5.0,35.0,0.3,1000.0000000000001,1000000000000.0,99999435.71842495,300.3067361683813,0.0,4104004.9258054346,86.97662776150719,1,1,False
617,0.2,85.0,0.3,1000.0000000000001,1000000000000.0,99999985.32339287,3228.3224879538893,0.0,224060.19939092526,88.12445479658024,1,1,True
618,0.5,85.0,0.3,1000.0000000000001,1000000000000.0,99999977.62498847,2000.3591677952504,0.0,355176.7434431931,88.18143838092455,1,1,True
619,1.0,85.0,0.3,1000.0000000000001,1000000000000.0,99999956.8986425,1226.7908356228822,0.0,568238.6258576149,87.97853814850137,1,1,True
620,5.0,85.0,0.3,1000.0000000000001,1000000000000.0,99999435.78663047,300.3253029883388,0.0,2164953.9586493378,87.74643680273016,1,1,False
621,0.2,0.0,1.0,1000.0000000000001,1000000000000.0,99999961.71617019,1326.7367583567575,0.0,3179080.8869370054,87.38191548206281,1,1,True
622,0.5,0.0,1.0,1000.0000000000001,1000000000000.0,99999945.72741358,1061.2450129761469,0.0,3897520.93459894,87.06899104672424,1,1,True
623,1.0,0.0,1.0,1000.0000000000001,1000000000000.0,99999911.18383797,795.8713663970842,0.0,5038702.13354305,86.50261577431522,1,1,False
624,5.0,0.0,1.0,1000.0000000000001,1000000000000.0,99999279.53647912,265.25767300045266,0.0,12173639.687346065,82.40497982164449,1,1,False
625,0.2,5.0,1.0,1000.0000000000001,1000000000000.0,99999961.7230707,1326.8978172181671,0.0,2433668.0019385302,87.64908651984297,1,1,True
626,0.5,5.0,1.0,1000.0000000000001,1000000000000.0,99999945.73430823,1061.3276632091138,0.0,2995111.028649351,87.459480119458,1,1,True
627,1.0,5.0,1.0,1000.0000000000001,1000000000000.0,99999911.19072287,795.9059824672639,0.0,3897005.9872327074,87.07229986523139,1,1,False
628,5.0,5.0,1.0,1000.0000000000001,1000000000000.0,99999279.54328601,265.2589441776402,0.0,9842915.667459536,83.78430402521334,1,1,False
629,0.2,15.0,1.0,1000.0000000000001,1000000000000.0,99999961.73687159,1327.2200804107997,0.0,1660584.6654757173,87.80962106773586,1,1,True
630,0.5,15.0,1.0,1000.0000000000001,1000000000000.0,99999945.74809745,1061.4930118508676,0.0,2050527.4832819987,87.75486242081088,1,1,True
631,1.0,15.0,1.0,1000.0000000000001,1000000000000.0,99999911.20449266,795.9752257477163,0.0,2684676.3350464236,87.57868041231691,1,1,False
632,5.0,15.0,1.0,1000.0000000000001,1000000000000.0,99999279.55689983,265.26148657693795,0.0,7118699.401808716,85.36022070638849,1,1,False
633,0.2,35.0,1.0,1000.0000000000001,1000000000000.0,99999961.7644735,1327.8651890700537,0.0,1021537.6885261195,87.82480091858918,1,1,True
634,0.5,35.0,1.0,1000.0000000000001,1000000000000.0,99999945.77567601,1061.8239019239734,0.0,1263479.6598081177,87.83816405654473,1,1,True
635,1.0,35.0,1.0,1000.0000000000001,1000000000000.0,99999911.23203218,796.1137568795051,0.0,1660426.2861775002,87.82708072048506,1,1,False
636,5.0,35.0,1.0,1000.0000000000001,1000000000000.0,99999279.58412741,265.2665715552339,0.0,4584594.033860235,86.7372123225397,1,1,False
637,0.2,85.0,1.0,1000.0000000000001,1000000000000.0,99999961.83347821,1329.4813625728334,0.0,526082.321996738,88.01180587694455,1,1,True
638,0.5,85.0,1.0,1000.0000000000001,1000000000000.0,99999945.84462228,1062.6522528631704,0.0,651924.9910557203,87.92784125162991,1,1,True
639,1.0,85.0,1.0,1000.0000000000001,1000000000000.0,99999911.30088112,796.4603448459975,0.0,858424.3821692218,87.87020182522387,1,1,False
640,5.0,85.0,1.0,1000.0000000000001,1000000000000.0,99999279.65219636,265.27928504927917,0.0,2431696.0402113264,87.67148052615055,1,1,False
