cstray_pf,cextra_pf,ccable_pf,rreceiver_ohm,bandwidth_hz,peaking_db,bandwidth_crossings,passes_1khz
1.27,0.0,0.0,100000.0,1003.88296457814,0.0,1,True
1.28,0.0,0.0,100000.0,997.5320430918351,0.0,1,False
1.27,5.0,0.0,100000.0,1003.9532774006058,0.0,1,True
1.28,5.0,0.0,100000.0,997.6016073951973,0.0,1,False
1.27,15.0,0.0,100000.0,1004.0939395722701,0.0,1,True
1.28,15.0,0.0,100000.0,997.7407725299245,0.0,1,False
1.27,35.0,0.0,100000.0,1004.3754100788021,0.0,1,True
1.28,35.0,0.0,100000.0,998.0192489717385,0.0,1,False
1.27,85.0,0.0,100000.0,1005.0799397136276,0.0,1,True
1.28,85.0,0.0,100000.0,998.7162935524052,0.0,1,False
1.27,0.0,100.0,100000.0,1003.8829555869717,0.0,1,True
1.28,0.0,100.0,100000.0,997.5320342474189,0.0,1,False
1.27,5.0,100.0,100000.0,1003.95326897964,0.0,1,True
1.28,5.0,100.0,100000.0,997.6015991115695,0.0,1,False
1.27,15.0,100.0,100000.0,1004.0939322929963,0.0,1,True
1.28,15.0,100.0,100000.0,997.7407653691255,0.0,1,False
1.27,35.0,100.0,100000.0,1004.375405088073,0.0,1,True
1.28,35.0,100.0,100000.0,998.0192440615896,0.0,1,False
1.27,85.0,100.0,100000.0,1005.0799404744517,0.0,1,True
1.28,85.0,100.0,100000.0,998.7162942980763,0.0,1,False
1.27,0.0,500.00000000000006,100000.0,1003.8825361159634,0.0,1,True
1.28,0.0,500.00000000000006,100000.0,997.5316194483306,0.0,1,False
1.27,5.0,500.00000000000006,100000.0,1003.9528516966723,0.0,1,True
1.28,5.0,500.00000000000006,100000.0,997.60118646459,0.0,1,False
1.27,15.0,500.00000000000006,100000.0,1004.093519391184,0.0,1,True
1.28,15.0,500.00000000000006,100000.0,997.7403570312625,0.0,1,False
1.27,35.0,500.00000000000006,100000.0,1004.3750009688871,0.0,1,True
1.28,35.0,500.00000000000006,100000.0,998.0188443615984,0.0,1,False
1.27,85.0,500.00000000000006,100000.0,1005.0795584307399,0.0,1,True
1.28,85.0,500.00000000000006,100000.0,998.7159163077164,0.0,1,False
1.27,0.0,1000.0000000000001,100000.0,1003.8811488948568,0.0,1,True
1.28,0.0,1000.0000000000001,100000.0,997.530247258007,0.0,1,False
1.27,5.0,1000.0000000000001,100000.0,1003.9514670018613,0.0,1,True
1.28,5.0,1000.0000000000001,100000.0,997.5998167594813,0.0,1,False
1.27,15.0,1000.0000000000001,100000.0,1004.0921397551251,0.0,1,True
1.28,15.0,1000.0000000000001,100000.0,997.7389923025383,0.0,1,False
1.27,35.0,1000.0000000000001,100000.0,1004.373631475008,0.0,1,True
1.28,35.0,1000.0000000000001,100000.0,998.0174896094841,0.0,1,False
1.27,85.0,1000.0000000000001,100000.0,1005.0782144367338,0.0,1,True
1.28,85.0,1000.0000000000001,100000.0,998.7145866366532,0.0,1,False
1.27,0.0,0.0,1000000000000.0,1003.8831178705759,0.0,1,True
1.28,0.0,0.0,1000000000000.0,997.5321965875717,0.0,1,False
1.27,5.0,0.0,1000000000000.0,1003.9534226770118,0.0,1,True
1.28,5.0,0.0,1000000000000.0,997.6017529644698,0.0,1,False
1.27,15.0,0.0,1000000000000.0,1004.0940688084637,0.0,1,True
1.28,15.0,0.0,1000000000000.0,997.7409022381286,0.0,1,False
1.27,35.0,0.0,1000000000000.0,1004.3755072019558,0.0,1,True
1.28,35.0,0.0,1000000000000.0,998.019346925189,0.0,1,False
1.27,85.0,0.0,1000000000000.0,1005.07995636368,0.0,1,True
1.28,85.0,0.0,1000000000000.0,998.7163119284922,0.0,1,False
1.27,0.0,100.0,1000000000000.0,1003.8831088397967,0.0,1,True
1.28,0.0,100.0,1000000000000.0,997.5321877041888,0.0,1,False
1.27,5.0,100.0,1000000000000.0,1003.9534142189477,0.0,1,True
1.28,5.0,100.0,1000000000000.0,997.6017446443508,0.0,1,False
1.27,15.0,100.0,1000000000000.0,1004.0940614971219,0.0,1,True
1.28,15.0,100.0,1000000000000.0,997.7408950457848,0.0,1,False
1.27,35.0,100.0,1000000000000.0,1004.3755021892416,0.0,1,True
1.28,35.0,100.0,1000000000000.0,998.0193419934105,0.0,1,False
1.27,85.0,100.0,1000000000000.0,1005.0799571278568,0.0,1,True
1.28,85.0,100.0,1000000000000.0,998.7163126774476,0.0,1,False
1.27,0.0,500.00000000000006,1000000000000.0,1003.8826875208908,0.0,1,True
1.28,0.0,500.00000000000006,1000000000000.0,997.5317710777849,0.0,1,False
1.27,5.0,500.00000000000006,1000000000000.0,1003.952995097737,0.0,1,True
1.28,5.0,500.00000000000006,1000000000000.0,997.6013301795504,0.0,1,False
1.27,15.0,500.00000000000006,1000000000000.0,1004.0936467763983,0.0,1,True
1.28,15.0,500.00000000000006,1000000000000.0,997.7404849091125,0.0,1,False
1.27,35.0,500.00000000000006,1000000000000.0,1004.3750962898955,0.0,1,True
1.28,35.0,500.00000000000006,1000000000000.0,998.0189405327202,0.0,1,False
1.27,85.0,500.00000000000006,1000000000000.0,1005.0795734013677,0.0,1,True
1.28,85.0,500.00000000000006,1000000000000.0,998.715933022161,0.0,1,False
1.27,0.0,1000.0000000000001,1000000000000.0,1003.8812941886997,0.0,1,True
1.28,0.0,1000.0000000000001,1000000000000.0,997.5303928425857,0.0,1,False
1.27,5.0,1000.0000000000001,1000000000000.0,1003.9516043030233,0.0,1,True
1.28,5.0,1000.0000000000001,1000000000000.0,997.5999544405646,0.0,1,False
1.27,15.0,1000.0000000000001,1000000000000.0,1004.0922610628214,0.0,1,True
1.28,15.0,1000.0000000000001,1000000000000.0,997.7391141685322,0.0,1,False
1.27,35.0,1000.0000000000001,1000000000000.0,1004.3737207633766,0.0,1,True
1.28,35.0,1000.0000000000001,1000000000000.0,998.0175798128961,0.0,1,False
1.27,85.0,1000.0000000000001,1000000000000.0,1005.0782234875404,0.0,1,True
1.28,85.0,1000.0000000000001,1000000000000.0,998.7145974943496,0.0,1,False
