primary_v,nominal_cap_uf,minimum_cap_uf,extra_pulse_a,pulse_ms,ideal_peak_v,base_drop_v,pulse_drop_v,raw_trough_v,headroom_after_3v_allowance_v
216.2,2200,1759.9999999999998,0.0,0,22.828493475352765,1.931818181818182,0.0,20.89667529353458,2.796675293534582
216.2,2200,1759.9999999999998,0.5,10.0,22.828493475352765,1.931818181818182,2.8409090909090913,18.05576620262549,-0.044233797374507944
216.2,3300,2640.0,0.0,0,22.828493475352765,1.287878787878788,0.0,21.540614687473976,3.4406146874739765
216.2,3300,2640.0,0.5,10.0,22.828493475352765,1.287878787878788,1.893939393939394,19.64667529353458,1.546675293534582
216.2,4700,3760.0000000000005,0.0,0,22.828493475352765,0.9042553191489362,0.0,21.924238156203828,3.824238156203828
216.2,4700,3760.0000000000005,0.5,10.0,22.828493475352765,0.9042553191489362,1.3297872340425532,20.594450922161275,2.494450922161276
200.0,2200,1759.9999999999998,0.0,0,21.035516628448445,1.931818181818182,0.0,19.10369844663026,1.0036984466302616
200.0,2200,1759.9999999999998,0.5,10.0,21.035516628448445,1.931818181818182,2.8409090909090913,16.26278935572117,-1.8372106442788283
200.0,3300,2640.0,0.0,0,21.035516628448445,1.287878787878788,0.0,19.747637840569656,1.6476378405696561
200.0,3300,2640.0,0.5,10.0,21.035516628448445,1.287878787878788,1.893939393939394,17.85369844663026,-0.24630155336973836
200.0,4700,3760.0000000000005,0.0,0,21.035516628448445,0.9042553191489362,0.0,20.131261309299507,2.0312613092995075
200.0,4700,3760.0000000000005,0.5,10.0,21.035516628448445,0.9042553191489362,1.3297872340425532,18.801474075256955,0.7014740752569555
